Date_x,Comp,Team,Opponent,Venue,Result,GF,GA,xG,xGA,Poss,Date_y,P>2.5,P<2.5,OT,OD,OO
2022-08-13,La Liga,Barcelona,Rayo Vallecano,Home,D,0,0,1.9,0.5,67.0,13/08/2022,1.55,2.57,1.22,6.83,15.0
2022-08-21,La Liga,Barcelona,Real Sociedad,Away,W,4,1,2.1,0.8,58.0,21/08/2022,1.83,2.07,2.16,3.7,3.46
2022-08-28,La Liga,Barcelona,Valladolid,Home,W,4,0,2.6,0.8,67.0,28/08/2022,1.38,3.16,1.17,8.8,17.21
2022-09-03,La Liga,Barcelona,Sevilla,Away,W,3,0,4.0,1.0,54.0,03/09/2022,1.81,2.1,1.83,3.77,4.67
2022-09-07,Champions Lg,Barcelona,cz Viktoria Plzeň,Home,W,5,1,2.3,0.8,76.0,,,,,,
2022-09-10,La Liga,Barcelona,Cádiz,Away,W,4,0,3.4,0.4,70.0,10/09/2022,1.63,2.39,1.25,6.18,14.0
2022-09-13,Champions Lg,Barcelona,de Bayern Munich,Away,L,0,2,2.0,1.7,53.0,,,,,,
2022-09-17,La Liga,Barcelona,Elche,Home,W,3,0,3.9,0.0,76.0,17/09/2022,1.34,3.45,1.11,11.42,23.95
2022-10-01,La Liga,Barcelona,Mallorca,Away,W,1,0,0.7,1.2,71.0,01/10/2022,1.65,2.36,1.37,5.53,8.8
2022-10-04,Champions Lg,Barcelona,it Inter,Away,L,0,1,0.5,0.2,71.0,,,,,,
2022-10-09,La Liga,Barcelona,Celta Vigo,Home,W,1,0,2.0,1.5,57.0,09/10/2022,1.6,2.45,1.29,5.99,11.48
2022-10-12,Champions Lg,Barcelona,it Inter,Home,D,3,3,2.2,2.0,61.0,,,,,,
2022-10-16,La Liga,Barcelona,Real Madrid,Away,L,1,3,2.0,1.1,56.0,16/10/2022,1.6,2.48,3.16,3.65,2.32
2022-10-20,La Liga,Barcelona,Villarreal,Home,W,3,0,2.1,0.4,69.0,20/10/2022,1.55,2.61,1.5,4.91,6.48
2022-10-23,La Liga,Barcelona,Athletic Club,Home,W,4,0,1.4,0.5,65.0,23/10/2022,1.63,2.41,1.56,4.62,5.94
2022-10-26,Champions Lg,Barcelona,de Bayern Munich,Home,L,0,3,0.7,2.1,52.0,,,,,,
2022-10-29,La Liga,Barcelona,Valencia,Away,W,1,0,1.6,0.2,67.0,29/10/2022,1.61,2.44,1.61,4.48,5.55
2022-11-01,Champions Lg,Barcelona,cz Viktoria Plzeň,Away,W,4,2,2.3,2.6,76.0,,,,,,
2022-11-05,La Liga,Barcelona,Almería,Home,W,2,0,4.0,0.5,70.0,05/11/2022,1.31,3.38,1.1,11.76,29.47
2022-11-08,La Liga,Barcelona,Osasuna,Away,W,2,1,0.8,1.0,53.0,08/11/2022,1.75,2.19,1.56,4.36,6.35
2022-12-31,La Liga,Barcelona,Espanyol,Home,D,1,1,2.2,0.9,77.0,31/12/2022,1.43,2.94,1.26,6.57,11.89
2023-01-04,Copa del Rey,Barcelona,Intercity,Away,W,4,3,,,77.0,,,,,,
2023-01-08,La Liga,Barcelona,Atlético Madrid,Away,W,1,0,0.7,1.7,58.0,08/01/2023,1.96,1.94,2.35,3.51,3.21
2023-01-12,Supercopa de España,Barcelona,Betis,Away,D,2 (4),2 (2),,,61.0,01/02/2023,1.83,2.07,1.68,4.17,5.24
2023-01-15,Supercopa de España,Barcelona,Real Madrid,Away,W,3,1,,,54.0,16/10/2022,1.6,2.48,3.16,3.65,2.32
2023-01-19,Copa del Rey,Barcelona,AD Ceuta,Away,W,5,0,,,65.0,,,,,,
2023-01-22,La Liga,Barcelona,Getafe,Home,W,1,0,0.7,1.1,67.0,22/01/2023,1.65,2.34,1.19,7.62,17.95
2023-01-25,Copa del Rey,Barcelona,Real Sociedad,Home,W,1,0,,,74.0,,,,,,
2023-01-28,La Liga,Barcelona,Girona,Away,W,1,0,1.1,1.1,59.0,28/01/2023,1.73,2.22,1.64,4.39,5.32
2023-02-01,La Liga,Barcelona,Betis,Away,W,2,1,1.9,0.6,63.0,01/02/2023,1.83,2.07,1.68,4.17,5.24
2023-02-05,La Liga,Barcelona,Sevilla,Home,W,3,0,2.7,0.1,65.0,05/02/2023,1.72,2.22,1.34,5.51,10.19
2023-02-12,La Liga,Barcelona,Villarreal,Away,W,1,0,1.7,1.1,46.0,12/02/2023,1.81,2.1,1.85,3.96,4.32
2023-02-16,Europa Lg,Barcelona,eng Manchester Utd,Home,D,2,2,1.0,2.1,60.0,,,,,,
2023-02-19,La Liga,Barcelona,Cádiz,Home,W,2,0,2.2,1.0,64.0,19/02/2023,1.56,2.56,1.22,7.16,14.53
2023-02-23,Europa Lg,Barcelona,eng Manchester Utd,Away,L,1,2,1.2,1.1,57.0,,,,,,
2023-02-26,La Liga,Barcelona,Almería,Away,L,0,1,1.4,1.0,72.0,26/02/2023,1.61,2.44,1.46,5.02,7.08
2023-03-02,Copa del Rey,Barcelona,Real Madrid,Away,W,1,0,,,35.0,16/10/2022,1.6,2.48,3.16,3.65,2.32
2023-03-05,La Liga,Barcelona,Valencia,Home,W,1,0,1.8,1.0,53.0,05/03/2023,1.86,2.03,1.53,4.42,6.57
2023-03-12,La Liga,Barcelona,Athletic Club,Away,W,1,0,0.9,0.9,62.0,12/03/2023,2.17,1.75,2.18,3.42,3.61
2023-03-19,La Liga,Barcelona,Real Madrid,Home,W,2,1,1.6,0.5,54.0,19/03/2023,1.89,2.0,2.25,3.56,3.31
2023-04-01,La Liga,Barcelona,Elche,Away,W,4,0,1.7,0.8,59.0,01/04/2023,1.74,2.18,1.34,5.37,9.78
2023-04-05,Copa del Rey,Barcelona,Real Madrid,Home,L,0,4,,,53.0,19/03/2023,1.89,2.0,2.25,3.56,3.31
2023-04-10,La Liga,Barcelona,Girona,Home,D,0,0,1.3,0.6,59.0,10/04/2023,1.63,2.39,1.31,5.83,10.1
2023-04-16,La Liga,Barcelona,Getafe,Away,D,0,0,1.5,0.5,65.0,16/04/2023,2.26,1.69,1.62,3.9,6.37
2023-04-23,La Liga,Barcelona,Atlético Madrid,Home,W,1,0,1.8,1.3,62.0,23/04/2023,2.19,1.73,1.98,3.47,4.23
2023-04-26,La Liga,Barcelona,Rayo Vallecano,Away,L,1,2,0.9,0.7,60.0,26/04/2023,2.11,1.79,1.75,3.84,5.02
2023-04-29,La Liga,Barcelona,Betis,Home,W,4,0,3.0,0.2,67.0,29/04/2023,1.69,2.26,1.36,5.35,9.18
2023-05-02,La Liga,Barcelona,Osasuna,Home,W,1,0,2.8,0.4,76.0,02/05/2023,1.49,2.69,1.19,7.5,18.0
2023-05-14,La Liga,Barcelona,Espanyol,Away,,,,,,,,,,,,
2023-05-20,La Liga,Barcelona,Real Sociedad,Home,,,,,,,,,,,,
2023-05-23,La Liga,Barcelona,Valladolid,Away,,,,,,,,,,,,
2023-05-28,La Liga,Barcelona,Mallorca,Home,,,,,,,,,,,,
2023-06-04,La Liga,Barcelona,Celta Vigo,Away,,,,,,,,,,,,
2022-08-15,La Liga,Atletico-Madrid,Getafe,Away,W,3.0,0.0,1.2,0.7,58.0,15/08/2022,2.8,1.49,1.98,3.14,4.99
2022-08-21,La Liga,Atletico-Madrid,Villarreal,Home,L,0.0,2.0,1.6,1.8,51.0,21/08/2022,2.1,1.81,1.96,3.55,4.3
2022-08-29,La Liga,Atletico-Madrid,Valencia,Away,W,1.0,0.0,1.5,0.5,31.0,29/08/2022,2.31,1.68,2.06,3.37,4.13
2022-09-03,La Liga,Atletico-Madrid,Real Sociedad,Away,D,1.0,1.0,1.4,1.5,46.0,03/09/2022,2.37,1.65,2.62,3.22,3.04
2022-09-07,Champions Lg,Atletico-Madrid,pt Porto,Home,W,2.0,1.0,0.8,2.0,53.0,,,,,,
2022-09-10,La Liga,Atletico-Madrid,Celta Vigo,Home,W,4.0,1.0,0.7,1.7,46.0,10/09/2022,2.1,1.81,1.66,3.87,6.07
2022-09-13,Champions Lg,Atletico-Madrid,de Leverkusen,Away,L,0.0,2.0,0.9,1.8,55.0,,,,,,
2022-09-18,La Liga,Atletico-Madrid,Real Madrid,Home,L,1.0,2.0,1.0,0.9,54.0,18/09/2022,1.93,1.98,3.23,3.54,2.33
2022-10-01,La Liga,Atletico-Madrid,Sevilla,Away,W,2.0,0.0,2.2,0.5,40.0,01/10/2022,2.4,1.64,2.52,3.25,3.15
2022-10-04,Champions Lg,Atletico-Madrid,be Club Brugge,Away,L,0.0,2.0,2.1,1.3,52.0,,,,,,
2022-10-08,La Liga,Atletico-Madrid,Girona,Home,W,2.0,1.0,1.9,0.8,45.0,08/10/2022,1.98,1.92,1.51,4.47,7.32
2022-10-12,Champions Lg,Atletico-Madrid,be Club Brugge,Home,D,0.0,0.0,2.3,0.6,65.0,,,,,,
2022-10-15,La Liga,Atletico-Madrid,Athletic Club,Away,W,1.0,0.0,0.3,1.2,40.0,15/10/2022,2.17,1.76,3.17,3.31,2.48
2022-10-18,La Liga,Atletico-Madrid,Rayo Vallecano,Home,D,1.0,1.0,1.1,1.8,52.0,18/10/2022,2.2,1.74,1.53,4.07,8.09
2022-10-23,La Liga,Atletico-Madrid,Betis,Away,W,2.0,1.0,0.8,1.4,45.0,23/10/2022,2.21,1.74,2.41,3.42,3.18
2022-10-26,Champions Lg,Atletico-Madrid,de Leverkusen,Home,D,2.0,2.0,2.6,1.5,64.0,,,,,,
2022-10-29,La Liga,Atletico-Madrid,Cádiz,Away,L,2.0,3.0,1.3,1.1,59.0,29/10/2022,2.34,1.66,1.61,3.8,7.07
2022-11-01,Champions Lg,Atletico-Madrid,pt Porto,Away,L,1.0,2.0,0.8,2.7,50.0,,,,,,
2022-11-06,La Liga,Atletico-Madrid,Espanyol,Home,D,1.0,1.0,1.9,0.7,67.0,06/11/2022,2.08,1.84,1.45,4.49,8.64
2022-11-09,La Liga,Atletico-Madrid,Mallorca,Away,L,0.0,1.0,1.3,1.3,63.0,09/11/2022,2.5,1.59,2.19,3.23,3.92
2022-11-12,Copa del Rey,Atletico-Madrid,SD Almazán,Away,W,2.0,0.0,,,81.0,,,,,,
2022-12-22,Copa del Rey,Atletico-Madrid,CD Arenteiro,Away,W,3.0,1.0,,,57.0,,,,,,
2022-12-29,La Liga,Atletico-Madrid,Elche,Home,W,2.0,0.0,1.7,0.4,62.0,29/12/2022,1.69,2.29,1.3,5.88,11.76
2023-01-04,Copa del Rey,Atletico-Madrid,Oviedo,Away,W,2.0,0.0,,,57.0,,,,,,
2023-01-08,La Liga,Atletico-Madrid,Barcelona,Home,L,0.0,1.0,1.7,0.7,42.0,08/01/2023,1.96,1.94,3.21,3.51,2.35
2023-01-15,La Liga,Atletico-Madrid,Almería,Away,D,1.0,1.0,2.4,1.4,45.0,15/01/2023,1.97,1.93,1.74,3.94,5.1
2023-01-18,Copa del Rey,Atletico-Madrid,Levante,Away,W,2.0,0.0,,,51.0,,,,,,
2023-01-21,La Liga,Atletico-Madrid,Valladolid,Home,W,3.0,0.0,3.3,0.5,47.0,21/01/2023,1.93,1.98,1.4,4.87,9.39
2023-01-26,Copa del Rey,Atletico-Madrid,Real Madrid,Away,L,1.0,3.0,,,39.0,25/02/2023,1.98,1.93,4.77,3.64,1.85
2023-01-29,La Liga,Atletico-Madrid,Osasuna,Away,W,1.0,0.0,1.6,0.9,48.0,29/01/2023,2.41,1.63,2.2,3.24,3.85
2023-02-04,La Liga,Atletico-Madrid,Getafe,Home,D,1.0,1.0,0.7,1.2,62.0,04/02/2023,2.5,1.59,1.42,4.31,10.91
2023-02-12,La Liga,Atletico-Madrid,Celta Vigo,Away,W,1.0,0.0,1.0,1.1,53.0,12/02/2023,2.43,1.62,2.22,3.25,3.78
2023-02-19,La Liga,Atletico-Madrid,Athletic Club,Home,W,1.0,0.0,1.2,0.8,57.0,19/02/2023,2.36,1.65,2.07,3.31,4.19
2023-02-25,La Liga,Atletico-Madrid,Real Madrid,Away,D,1.0,1.0,0.3,1.6,38.0,25/02/2023,1.98,1.93,4.77,3.64,1.85
2023-03-04,La Liga,Atletico-Madrid,Sevilla,Home,W,6.0,1.0,3.2,1.5,47.0,04/03/2023,2.26,1.69,1.7,3.75,5.71
2023-03-13,La Liga,Atletico-Madrid,Girona,Away,W,1.0,0.0,1.9,0.4,50.0,13/03/2023,2.17,1.74,2.14,3.4,3.75
2023-03-18,La Liga,Atletico-Madrid,Valencia,Home,W,3.0,0.0,1.9,1.0,56.0,18/03/2023,2.19,1.74,1.56,4.05,7.06
2023-04-02,La Liga,Atletico-Madrid,Betis,Home,W,1.0,0.0,1.6,0.6,54.0,02/04/2023,2.01,1.88,1.54,4.27,6.78
2023-04-09,La Liga,Atletico-Madrid,Rayo Vallecano,Away,W,2.0,1.0,1.9,0.7,49.0,09/04/2023,2.39,1.63,1.9,3.45,4.68
2023-04-16,La Liga,Atletico-Madrid,Almería,Home,W,2.0,1.0,2.3,0.2,64.0,16/04/2023,1.6,2.43,1.23,6.46,14.07
2023-04-23,La Liga,Atletico-Madrid,Barcelona,Away,L,0.0,1.0,1.3,1.8,38.0,23/04/2023,2.19,1.73,4.23,3.47,1.98
2023-04-26,La Liga,Atletico-Madrid,Mallorca,Home,W,3.0,1.0,2.7,0.9,68.0,26/04/2023,2.36,1.64,1.43,4.3,9.97
2023-04-30,La Liga,Atletico-Madrid,Valladolid,Away,W,5.0,2.0,2.0,1.8,43.0,30/04/2023,1.87,2.02,1.66,4.12,5.41
2023-05-03,La Liga,Atletico-Madrid,Cádiz,Home,W,5.0,1.0,3.0,0.0,61.0,03/05/2023,1.78,2.12,1.28,5.86,12.9
2023-05-14,La Liga,Atletico-Madrid,Elche,Away,,,,,,,,,,,,
2023-05-21,La Liga,Atletico-Madrid,Osasuna,Home,,,,,,,,,,,,
2023-05-24,La Liga,Atletico-Madrid,Espanyol,Away,,,,,,,,,,,,
2023-05-28,La Liga,Atletico-Madrid,Real Sociedad,Home,,,,,,,,,,,,
2023-06-04,La Liga,Atletico-Madrid,Villarreal,Away,,,,,,,,,,,,
2022-08-10,Super Cup,Real-Madrid,de Eint Frankfurt,Home,W,2,0,,,58.0,,,,,,
2022-08-14,La Liga,Real-Madrid,Almería,Away,W,2,1,2.1,0.7,67.0,14/08/2022,1.64,2.38,1.45,5.0,7.38
2022-08-20,La Liga,Real-Madrid,Celta Vigo,Away,W,4,1,3.7,1.4,49.0,20/08/2022,1.72,2.24,1.71,4.34,4.79
2022-08-28,La Liga,Real-Madrid,Espanyol,Away,W,3,1,2.1,1.3,64.0,28/08/2022,1.65,2.37,1.47,5.12,6.72
2022-09-03,La Liga,Real-Madrid,Betis,Home,W,2,1,2.9,0.5,49.0,03/09/2022,1.5,2.74,1.46,5.19,6.72
2022-09-06,Champions Lg,Real-Madrid,sct Celtic,Away,W,3,0,1.9,1.4,64.0,,,,,,
2022-09-11,La Liga,Real-Madrid,Mallorca,Home,W,4,1,2.3,0.5,68.0,11/09/2022,1.53,2.63,1.28,6.19,11.58
2022-09-14,Champions Lg,Real-Madrid,de RB Leipzig,Home,W,2,0,0.9,0.7,52.0,,,,,,
2022-09-18,La Liga,Real-Madrid,Atlético Madrid,Away,W,2,1,0.9,1.0,46.0,18/09/2022,1.93,1.98,2.33,3.54,3.23
2022-10-02,La Liga,Real-Madrid,Osasuna,Home,D,1,1,2.5,0.5,64.0,02/10/2022,1.65,2.38,1.35,5.63,9.33
2022-10-05,Champions Lg,Real-Madrid,ua Shakhtar,Home,W,2,1,3.4,0.8,59.0,,,,,,
2022-10-08,La Liga,Real-Madrid,Getafe,Away,W,1,0,1.4,0.3,65.0,08/10/2022,1.82,2.09,1.5,4.59,7.16
2022-10-11,Champions Lg,Real-Madrid,ua Shakhtar,Away,D,1,1,1.1,0.5,58.0,,,,,,
2022-10-16,La Liga,Real-Madrid,Barcelona,Home,W,3,1,1.1,2.0,44.0,16/10/2022,1.6,2.48,2.32,3.65,3.16
2022-10-19,La Liga,Real-Madrid,Elche,Away,W,3,0,1.5,0.8,62.0,19/10/2022,1.52,2.65,1.34,5.69,9.9
2022-10-22,La Liga,Real-Madrid,Sevilla,Home,W,3,1,3.0,0.5,56.0,22/10/2022,1.61,2.44,1.39,5.03,9.33
2022-10-25,Champions Lg,Real-Madrid,de RB Leipzig,Away,L,2,3,2.1,2.2,56.0,,,,,,
2022-10-30,La Liga,Real-Madrid,Girona,Home,D,1,1,2.9,1.4,58.0,30/10/2022,1.44,2.9,1.22,7.06,14.02
2022-11-02,Champions Lg,Real-Madrid,sct Celtic,Home,W,5,1,3.8,2.1,64.0,,,,,,
2022-11-07,La Liga,Real-Madrid,Rayo Vallecano,Away,L,2,3,2.4,1.5,54.0,07/11/2022,1.81,2.11,1.66,4.1,5.6
2022-11-10,La Liga,Real-Madrid,Cádiz,Home,W,2,1,2.0,0.9,66.0,10/11/2022,1.45,2.86,1.15,9.0,22.56
2022-12-30,La Liga,Real-Madrid,Valladolid,Away,W,2,0,2.3,0.6,61.0,30/12/2022,1.61,2.45,1.51,4.71,6.56
2023-01-03,Copa del Rey,Real-Madrid,CP Cacereño,Away,W,1,0,,,56.0,,,,,,
2023-01-07,La Liga,Real-Madrid,Villarreal,Away,L,1,2,2.2,3.0,51.0,07/01/2023,1.69,2.29,2.12,3.86,3.42
2023-01-11,Supercopa de España,Real-Madrid,Valencia,Home,D,1 (4),1 (3),,,58.0,02/02/2023,1.64,2.38,1.43,5.17,7.39
2023-01-15,Supercopa de España,Real-Madrid,Barcelona,Home,L,1,3,,,47.0,16/10/2022,1.6,2.48,2.32,3.65,3.16
2023-01-19,Copa del Rey,Real-Madrid,Villarreal,Away,W,3,2,,,47.0,07/01/2023,1.69,2.29,2.12,3.86,3.42
2023-01-22,La Liga,Real-Madrid,Athletic Club,Away,W,2,0,1.1,1.1,49.0,22/01/2023,1.9,2.01,2.48,3.5,3.0
2023-01-26,Copa del Rey,Real-Madrid,Atlético Madrid,Home,W,3,1,,,61.0,25/02/2023,1.98,1.93,1.85,3.64,4.77
2023-01-29,La Liga,Real-Madrid,Real Sociedad,Home,D,0,0,1.3,0.4,61.0,29/01/2023,1.93,1.97,1.73,4.02,5.05
2023-02-02,La Liga,Real-Madrid,Valencia,Home,W,2,0,2.3,0.2,70.0,02/02/2023,1.64,2.38,1.43,5.17,7.39
2023-02-05,La Liga,Real-Madrid,Mallorca,Away,L,0,1,1.7,0.2,73.0,05/02/2023,2.26,1.7,1.78,3.7,5.22
2023-02-15,La Liga,Real-Madrid,Elche,Home,W,4,0,4.1,0.6,72.0,15/02/2023,1.53,2.61,1.2,7.35,15.54
2023-02-18,La Liga,Real-Madrid,Osasuna,Away,W,2,0,1.3,0.5,53.0,18/02/2023,2.08,1.84,1.85,3.7,4.73
2023-02-21,Champions Lg,Real-Madrid,eng Liverpool,Away,W,5,2,1.6,1.8,48.0,,,,,,
2023-02-25,La Liga,Real-Madrid,Atlético Madrid,Home,D,1,1,1.6,0.3,62.0,25/02/2023,1.98,1.93,1.85,3.64,4.77
2023-03-02,Copa del Rey,Real-Madrid,Barcelona,Home,L,0,1,,,65.0,16/10/2022,1.6,2.48,2.32,3.65,3.16
2023-03-05,La Liga,Real-Madrid,Betis,Away,D,0,0,1.5,0.5,63.0,05/03/2023,1.86,2.04,1.79,3.93,4.64
2023-03-11,La Liga,Real-Madrid,Espanyol,Home,W,3,1,1.7,1.2,71.0,11/03/2023,1.64,2.34,1.27,6.17,11.72
2023-03-15,Champions Lg,Real-Madrid,eng Liverpool,Home,W,1,0,2.2,0.6,54.0,,,,,,
2023-03-19,La Liga,Real-Madrid,Barcelona,Away,L,1,2,0.5,1.6,46.0,19/03/2023,1.89,2.0,3.31,3.56,2.25
2023-04-02,La Liga,Real-Madrid,Valladolid,Home,W,6,0,4.5,0.8,60.0,02/04/2023,1.43,2.9,1.21,7.44,13.47
2023-04-05,Copa del Rey,Real-Madrid,Barcelona,Away,W,4,0,,,47.0,19/03/2023,1.89,2.0,3.31,3.56,2.25
2023-04-08,La Liga,Real-Madrid,Villarreal,Home,L,2,3,2.4,1.5,49.0,08/04/2023,1.64,2.36,1.54,4.57,6.15
2023-04-12,Champions Lg,Real-Madrid,eng Chelsea,Home,W,2,0,2.3,0.7,57.0,,,,,,
2023-04-15,La Liga,Real-Madrid,Cádiz,Away,W,2,0,3.5,0.7,69.0,15/04/2023,1.81,2.09,1.6,4.3,5.79
2023-04-18,Champions Lg,Real-Madrid,eng Chelsea,Away,W,2,0,1.8,1.9,46.0,,,,,,
2023-04-22,La Liga,Real-Madrid,Celta Vigo,Home,W,2,0,1.5,0.9,66.0,22/04/2023,1.58,2.48,1.38,5.42,8.07
2023-04-25,La Liga,Real-Madrid,Girona,Away,L,2,4,1.8,2.3,71.0,25/04/2023,1.58,2.53,1.6,4.55,5.56
2023-04-29,La Liga,Real-Madrid,Almería,Home,W,4,2,2.8,1.3,68.0,29/04/2023,1.36,3.24,1.17,8.84,14.49
2023-05-02,La Liga,Real-Madrid,Real Sociedad,Away,L,0,2,0.8,1.9,47.0,02/05/2023,2.07,1.85,2.95,3.4,2.57
2023-05-06,Copa del Rey,Real-Madrid,Osasuna,Home,W,2,1,,,59.0,02/10/2022,1.65,2.38,1.35,5.63,9.33
2023-05-09,Champions Lg,Real-Madrid,eng Manchester City,Home,D,1,1,0.7,0.5,45.0,,,,,,
2023-05-13,La Liga,Real-Madrid,Getafe,Home,,,,,,,,,,,,
2023-05-17,Champions Lg,Real-Madrid,eng Manchester City,Away,,,,,,,,,,,,
2023-05-21,La Liga,Real-Madrid,Valencia,Away,,,,,,,,,,,,
2023-05-25,La Liga,Real-Madrid,Rayo Vallecano,Home,,,,,,,,,,,,
2023-05-28,La Liga,Real-Madrid,Sevilla,Away,,,,,,,,,,,,
2023-06-04,La Liga,Real-Madrid,Athletic Club,Home,,,,,,,,,,,,
2022-08-14,La Liga,Real-Sociedad,Cádiz,Away,W,1.0,0.0,1.5,0.2,59.0,14/08/2022,2.5,1.59,2.26,3.29,3.62
2022-08-21,La Liga,Real-Sociedad,Barcelona,Home,L,1.0,4.0,0.8,2.1,42.0,21/08/2022,1.83,2.07,3.46,3.7,2.16
2022-08-27,La Liga,Real-Sociedad,Elche,Away,W,1.0,0.0,1.8,0.7,55.0,27/08/2022,2.37,1.65,2.23,3.21,3.82
2022-09-03,La Liga,Real-Sociedad,Atlético Madrid,Home,D,1.0,1.0,1.5,1.4,54.0,03/09/2022,2.37,1.65,3.04,3.22,2.62
2022-09-08,Europa Lg,Real-Sociedad,eng Manchester Utd,Away,W,1.0,0.0,1.1,0.8,45.0,,,,,,
2022-09-11,La Liga,Real-Sociedad,Getafe,Away,L,1.0,2.0,1.2,1.1,66.0,11/09/2022,2.71,1.52,2.22,3.12,3.98
2022-09-15,Europa Lg,Real-Sociedad,cy AC Omonia,Home,W,2.0,1.0,1.1,0.2,70.0,,,,,,
2022-09-18,La Liga,Real-Sociedad,Espanyol,Home,W,2.0,1.0,1.9,0.8,62.0,18/09/2022,2.03,1.88,1.76,3.87,5.11
2022-10-02,La Liga,Real-Sociedad,Girona,Away,W,5.0,3.0,2.1,1.0,59.0,02/10/2022,2.26,1.71,2.35,3.34,3.37
2022-10-06,Europa Lg,Real-Sociedad,md Sheriff Tiraspol,Away,W,2.0,0.0,1.5,0.4,65.0,,,,,,
2022-10-09,La Liga,Real-Sociedad,Villarreal,Home,W,1.0,0.0,1.2,0.2,60.0,09/10/2022,2.12,1.79,2.64,3.35,2.9
2022-10-13,Europa Lg,Real-Sociedad,md Sheriff Tiraspol,Home,W,3.0,0.0,2.2,0.2,68.0,,,,,,
2022-10-16,La Liga,Real-Sociedad,Celta Vigo,Away,W,2.0,1.0,0.8,0.5,47.0,16/10/2022,2.29,1.69,2.97,3.25,2.65
2022-10-19,La Liga,Real-Sociedad,Mallorca,Home,W,1.0,0.0,1.2,0.9,51.0,19/10/2022,2.12,1.79,1.56,4.12,7.06
2022-10-22,La Liga,Real-Sociedad,Valladolid,Away,L,0.0,1.0,0.9,0.8,74.0,22/10/2022,2.15,1.78,2.14,3.46,3.76
2022-10-27,Europa Lg,Real-Sociedad,cy AC Omonia,Away,W,2.0,0.0,1.3,0.3,63.0,,,,,,
2022-10-30,La Liga,Real-Sociedad,Betis,Home,L,0.0,2.0,0.9,1.3,58.0,30/10/2022,2.14,1.78,2.11,3.45,3.87
2022-11-03,Europa Lg,Real-Sociedad,eng Manchester Utd,Home,L,0.0,1.0,1.1,0.7,47.0,,,,,,
2022-11-06,La Liga,Real-Sociedad,Valencia,Home,D,1.0,1.0,1.1,0.9,29.0,06/11/2022,2.21,1.74,1.98,3.45,4.4
2022-11-09,La Liga,Real-Sociedad,Sevilla,Away,W,2.0,1.0,1.7,0.6,68.0,09/11/2022,2.31,1.68,2.96,3.25,2.66
2022-11-13,Copa del Rey,Real-Sociedad,CD Cazalegas,Away,W,4.0,1.0,,,72.0,,,,,,
2022-12-21,Copa del Rey,Real-Sociedad,CD Coria,Away,W,5.0,0.0,,,63.0,,,,,,
2022-12-31,La Liga,Real-Sociedad,Osasuna,Home,W,2.0,0.0,1.4,0.4,51.0,31/12/2022,2.34,1.66,1.92,3.48,4.67
2023-01-04,Copa del Rey,Real-Sociedad,UD Logroñés,Away,W,1.0,0.0,,,60.0,,,,,,
2023-01-08,La Liga,Real-Sociedad,Almería,Away,W,2.0,0.0,1.7,0.6,56.0,08/01/2023,2.1,1.81,2.01,3.37,4.35
2023-01-14,La Liga,Real-Sociedad,Athletic Club,Home,W,3.0,1.0,2.0,0.3,57.0,14/01/2023,2.33,1.67,2.47,3.25,3.23
2023-01-17,Copa del Rey,Real-Sociedad,Mallorca,Home,W,1.0,0.0,,,57.0,19/10/2022,2.12,1.79,1.56,4.12,7.06
2023-01-21,La Liga,Real-Sociedad,Rayo Vallecano,Away,W,2.0,0.0,1.6,0.9,46.0,21/01/2023,2.52,1.58,2.49,3.23,3.21
2023-01-25,Copa del Rey,Real-Sociedad,Barcelona,Away,L,0.0,1.0,,,26.0,,,,,,
2023-01-29,La Liga,Real-Sociedad,Real Madrid,Away,D,0.0,0.0,0.4,1.3,39.0,29/01/2023,1.93,1.97,5.05,4.02,1.73
2023-02-05,La Liga,Real-Sociedad,Valladolid,Home,L,0.0,1.0,1.2,0.7,55.0,05/02/2023,2.11,1.81,1.45,4.45,8.9
2023-02-13,La Liga,Real-Sociedad,Espanyol,Away,W,3.0,2.0,1.4,1.2,56.0,13/02/2023,2.53,1.58,2.33,3.12,3.66
2023-02-18,La Liga,Real-Sociedad,Celta Vigo,Home,D,1.0,1.0,1.4,1.4,54.0,18/02/2023,2.45,1.61,1.81,3.5,5.39
2023-02-25,La Liga,Real-Sociedad,Valencia,Away,L,0.0,1.0,0.7,0.5,62.0,25/02/2023,2.42,1.63,2.45,3.26,3.25
2023-03-03,La Liga,Real-Sociedad,Cádiz,Home,D,0.0,0.0,1.2,0.6,71.0,03/03/2023,2.44,1.62,1.55,3.98,7.79
2023-03-09,Europa Lg,Real-Sociedad,it Roma,Away,L,0.0,2.0,0.8,1.9,59.0,,,,,,
2023-03-12,La Liga,Real-Sociedad,Mallorca,Away,D,1.0,1.0,0.5,1.4,62.0,12/03/2023,2.99,1.42,2.42,2.92,3.68
2023-03-16,Europa Lg,Real-Sociedad,it Roma,Home,D,0.0,0.0,1.7,0.1,75.0,,,,,,
2023-03-19,La Liga,Real-Sociedad,Elche,Home,W,2.0,0.0,2.0,0.1,60.0,19/03/2023,2.02,1.87,1.41,4.67,9.19
2023-04-02,La Liga,Real-Sociedad,Villarreal,Away,L,0.0,2.0,1.0,2.7,48.0,02/04/2023,2.27,1.68,3.21,3.23,2.46
2023-04-08,La Liga,Real-Sociedad,Getafe,Home,W,2.0,0.0,2.1,0.3,60.0,08/04/2023,2.78,1.49,1.71,3.43,6.46
2023-04-15,La Liga,Real-Sociedad,Athletic Club,Away,L,0.0,2.0,1.4,0.8,49.0,15/04/2023,2.48,1.58,3.62,3.15,2.3
2023-04-22,La Liga,Real-Sociedad,Rayo Vallecano,Home,W,2.0,1.0,0.6,0.5,60.0,22/04/2023,2.38,1.63,1.67,3.69,6.17
2023-04-25,La Liga,Real-Sociedad,Betis,Away,D,0.0,0.0,0.9,1.0,42.0,25/04/2023,2.39,1.64,2.71,3.28,2.88
2023-04-28,La Liga,Real-Sociedad,Osasuna,Away,W,2.0,0.0,1.4,1.4,49.0,28/04/2023,3.08,1.41,2.26,3.02,4.02
2023-05-02,La Liga,Real-Sociedad,Real Madrid,Home,W,2.0,0.0,1.9,0.8,53.0,02/05/2023,2.07,1.85,2.57,3.4,2.95
2023-05-13,La Liga,Real-Sociedad,Girona,Home,,,,,,,,,,,,
2023-05-20,La Liga,Real-Sociedad,Barcelona,Away,,,,,,,,,,,,
2023-05-23,La Liga,Real-Sociedad,Almería,Home,,,,,,,,,,,,
2023-05-28,La Liga,Real-Sociedad,Atlético Madrid,Away,,,,,,,,,,,,
2023-06-04,La Liga,Real-Sociedad,Sevilla,Home,,,,,,,,,,,,
2022-08-13,La Liga,Villarreal,Valladolid,Away,W,3.0,0.0,1.5,1.0,49.0,13/08/2022,2.0,1.91,1.95,3.78,4.05
2022-08-18,Conf Lg,Villarreal,hr Hajduk Split,Home,W,4.0,2.0,,,,,,,,,
2022-08-21,La Liga,Villarreal,Atlético Madrid,Away,W,2.0,0.0,1.8,1.6,49.0,21/08/2022,2.1,1.81,4.3,3.55,1.96
2022-08-25,Conf Lg,Villarreal,hr Hajduk Split,Away,W,2.0,0.0,,,,,,,,,
2022-08-28,La Liga,Villarreal,Getafe,Away,D,0.0,0.0,1.1,0.3,64.0,28/08/2022,2.41,1.63,1.93,3.43,4.64
2022-09-04,La Liga,Villarreal,Elche,Home,W,4.0,0.0,3.4,0.6,53.0,04/09/2022,1.74,2.2,1.37,5.17,9.9
2022-09-08,Conf Lg,Villarreal,pl Lech Poznań,Home,W,4.0,3.0,1.0,1.8,56.0,,,,,,
2022-09-11,La Liga,Villarreal,Betis,Away,L,0.0,1.0,1.7,1.9,53.0,11/09/2022,1.88,2.04,2.5,3.54,2.95
2022-09-15,Conf Lg,Villarreal,il Be'er Sheva,Away,W,2.0,1.0,3.4,0.7,50.0,,,,,,
2022-09-18,La Liga,Villarreal,Sevilla,Home,D,1.0,1.0,1.5,0.6,46.0,18/09/2022,1.93,1.98,1.72,3.97,5.19
2022-10-01,La Liga,Villarreal,Cádiz,Away,D,0.0,0.0,1.6,0.7,60.0,01/10/2022,2.01,1.89,1.64,4.1,5.82
2022-10-06,Conf Lg,Villarreal,at Austria Wien,Home,W,5.0,0.0,3.2,0.7,49.0,,,,,,
2022-10-09,La Liga,Villarreal,Real Sociedad,Away,L,0.0,1.0,0.2,1.2,40.0,09/10/2022,2.12,1.79,2.9,3.35,2.64
2022-10-13,Conf Lg,Villarreal,at Austria Wien,Away,W,1.0,0.0,0.5,0.3,63.0,,,,,,
2022-10-17,La Liga,Villarreal,Osasuna,Home,W,2.0,0.0,1.5,0.5,58.0,17/10/2022,1.88,2.03,1.58,4.28,6.33
2022-10-20,La Liga,Villarreal,Barcelona,Away,L,0.0,3.0,0.4,2.1,31.0,20/10/2022,1.55,2.61,6.48,4.91,1.5
2022-10-23,La Liga,Villarreal,Almería,Home,W,2.0,1.0,1.0,1.0,52.0,23/10/2022,1.7,2.26,1.37,5.29,9.27
2022-10-27,Conf Lg,Villarreal,il Be'er Sheva,Home,D,2.0,2.0,1.7,1.3,78.0,,,,,,
2022-10-30,La Liga,Villarreal,Athletic Club,Away,L,0.0,1.0,0.3,1.7,57.0,30/10/2022,2.02,1.89,3.5,3.49,2.22
2022-11-03,Conf Lg,Villarreal,pl Lech Poznań,Away,L,0.0,3.0,1.1,2.2,72.0,,,,,,
2022-11-06,La Liga,Villarreal,Mallorca,Home,L,0.0,2.0,0.5,0.4,71.0,06/11/2022,2.19,1.75,1.63,4.02,6.22
2022-11-09,La Liga,Villarreal,Espanyol,Away,W,1.0,0.0,0.7,1.1,56.0,09/11/2022,2.15,1.77,2.44,3.36,3.17
2022-11-12,Copa del Rey,Villarreal,CD Santa Amalia,Away,W,9.0,0.0,,,,,,,,,
2022-12-20,Copa del Rey,Villarreal,CD Guijuelo,Away,W,2.0,1.0,,,72.0,,,,,,
2022-12-31,La Liga,Villarreal,Valencia,Home,W,2.0,1.0,2.5,1.4,52.0,31/12/2022,1.95,1.95,2.02,3.4,4.29
2023-01-03,Copa del Rey,Villarreal,Cartagena,Away,W,5.0,1.0,,,66.0,,,,,,
2023-01-07,La Liga,Villarreal,Real Madrid,Home,W,2.0,1.0,3.0,2.2,49.0,07/01/2023,1.69,2.29,3.42,3.86,2.12
2023-01-13,La Liga,Villarreal,Celta Vigo,Away,D,1.0,1.0,0.1,2.1,49.0,13/01/2023,2.16,1.76,2.67,3.37,2.86
2023-01-19,Copa del Rey,Villarreal,Real Madrid,Home,L,2.0,3.0,,,53.0,07/01/2023,1.69,2.29,3.42,3.86,2.12
2023-01-22,La Liga,Villarreal,Girona,Home,W,1.0,0.0,2.5,0.6,68.0,22/01/2023,1.76,2.17,1.76,4.06,4.76
2023-01-30,La Liga,Villarreal,Rayo Vallecano,Home,L,0.0,1.0,0.8,1.0,62.0,30/01/2023,2.03,1.88,1.72,3.85,5.41
2023-02-04,La Liga,Villarreal,Elche,Away,L,1.0,3.0,1.4,3.0,72.0,04/02/2023,2.05,1.87,1.7,3.85,5.62
2023-02-12,La Liga,Villarreal,Barcelona,Home,L,0.0,1.0,1.1,1.7,54.0,12/02/2023,1.81,2.1,4.32,3.96,1.85
2023-02-18,La Liga,Villarreal,Mallorca,Away,L,2.0,4.0,1.2,2.2,55.0,18/02/2023,2.78,1.49,2.5,2.95,3.53
2023-02-27,La Liga,Villarreal,Getafe,Home,W,2.0,1.0,1.5,0.6,64.0,27/02/2023,2.34,1.66,1.7,3.68,6.1
2023-03-04,La Liga,Villarreal,Almería,Away,W,2.0,0.0,2.1,0.4,71.0,04/03/2023,1.77,2.14,2.09,3.71,3.56
2023-03-09,Conf Lg,Villarreal,be Anderlecht,Away,D,1.0,1.0,0.8,0.5,54.0,,,,,,
2023-03-12,La Liga,Villarreal,Betis,Home,D,1.0,1.0,1.7,1.0,57.0,12/03/2023,1.93,1.96,2.01,3.75,3.79
2023-03-16,Conf Lg,Villarreal,be Anderlecht,Home,L,0.0,1.0,2.8,2.2,62.0,,,,,,
2023-03-19,La Liga,Villarreal,Osasuna,Away,W,3.0,0.0,1.8,0.9,45.0,19/03/2023,2.32,1.66,2.46,3.25,3.2
2023-04-02,La Liga,Villarreal,Real Sociedad,Home,W,2.0,0.0,2.7,1.0,52.0,02/04/2023,2.27,1.68,2.46,3.23,3.21
2023-04-08,La Liga,Villarreal,Real Madrid,Away,W,3.0,2.0,1.5,2.4,51.0,08/04/2023,1.64,2.36,6.15,4.57,1.54
2023-04-15,La Liga,Villarreal,Valladolid,Home,L,1.0,2.0,2.0,2.2,70.0,15/04/2023,1.65,2.35,1.44,4.96,7.39
2023-04-23,La Liga,Villarreal,Sevilla,Away,L,1.0,2.0,2.2,0.9,62.0,23/04/2023,2.0,1.89,2.57,3.46,2.87
2023-04-27,La Liga,Villarreal,Espanyol,Home,W,4.0,2.0,3.7,0.9,64.0,27/04/2023,1.87,2.02,1.6,4.17,6.01
2023-04-30,La Liga,Villarreal,Celta Vigo,Home,W,3.0,1.0,2.4,0.9,51.0,30/04/2023,1.89,2.0,1.83,3.93,4.34
2023-05-03,La Liga,Villarreal,Valencia,Away,D,1.0,1.0,0.7,1.2,67.0,03/05/2023,1.89,2.0,2.64,3.47,2.78
2023-05-13,La Liga,Villarreal,Athletic Club,Home,,,,,,,,,,,,
2023-05-20,La Liga,Villarreal,Girona,Away,,,,,,,,,,,,
2023-05-24,La Liga,Villarreal,Cádiz,Home,,,,,,,,,,,,
2023-05-28,La Liga,Villarreal,Rayo Vallecano,Away,,,,,,,,,,,,
2023-06-04,La Liga,Villarreal,Atlético Madrid,Home,,,,,,,,,,,,
2022-08-15,La Liga,Real-Betis,Elche,Home,W,3,0,3.1,0.4,71.0,15/08/2022,1.81,2.1,1.46,4.74,7.71
2022-08-20,La Liga,Real-Betis,Mallorca,Away,W,2,1,2.1,0.6,52.0,20/08/2022,2.22,1.73,2.44,3.35,3.18
2022-08-26,La Liga,Real-Betis,Osasuna,Home,W,1,0,0.5,1.3,55.0,26/08/2022,1.96,1.94,1.82,3.77,4.78
2022-09-03,La Liga,Real-Betis,Real Madrid,Away,L,1,2,0.5,2.9,51.0,03/09/2022,1.5,2.74,6.72,5.19,1.46
2022-09-08,Europa Lg,Real-Betis,fi HJK,Away,W,2,0,2.7,0.2,51.0,,,,,,
2022-09-11,La Liga,Real-Betis,Villarreal,Home,W,1,0,1.9,1.7,47.0,11/09/2022,1.88,2.04,2.95,3.54,2.5
2022-09-15,Europa Lg,Real-Betis,bg Ludogorets,Home,W,3,2,1.0,0.8,54.0,,,,,,
2022-09-18,La Liga,Real-Betis,Girona,Home,W,2,1,1.6,1.3,44.0,18/09/2022,2.2,1.74,1.78,3.63,5.4
2022-10-02,La Liga,Real-Betis,Celta Vigo,Away,L,0,1,0.9,0.9,54.0,02/10/2022,2.03,1.88,2.96,3.49,2.51
2022-10-06,Europa Lg,Real-Betis,it Roma,Away,W,2,1,0.6,1.8,60.0,,,,,,
2022-10-09,La Liga,Real-Betis,Valladolid,Away,D,0,0,0.5,0.6,42.0,09/10/2022,2.01,1.9,2.51,3.46,2.99
2022-10-13,Europa Lg,Real-Betis,it Roma,Home,D,1,1,0.4,1.1,48.0,,,,,,
2022-10-16,La Liga,Real-Betis,Almería,Home,W,3,1,2.5,0.8,54.0,16/10/2022,1.87,2.04,1.58,4.35,6.09
2022-10-19,La Liga,Real-Betis,Cádiz,Away,D,0,0,0.9,0.9,59.0,19/10/2022,2.34,1.66,2.16,3.33,3.84
2022-10-23,La Liga,Real-Betis,Atlético Madrid,Home,L,1,2,1.4,0.8,55.0,23/10/2022,2.21,1.74,3.18,3.42,2.41
2022-10-27,Europa Lg,Real-Betis,bg Ludogorets,Away,W,1,0,0.4,0.9,47.0,,,,,,
2022-10-30,La Liga,Real-Betis,Real Sociedad,Away,W,2,0,1.3,0.9,42.0,30/10/2022,2.14,1.78,3.87,3.45,2.11
2022-11-03,Europa Lg,Real-Betis,fi HJK,Home,W,3,0,2.8,0.6,68.0,,,,,,
2022-11-06,La Liga,Real-Betis,Sevilla,Home,D,1,1,1.0,1.5,37.0,06/11/2022,2.16,1.76,2.19,3.33,3.77
2022-11-10,La Liga,Real-Betis,Valencia,Away,L,0,3,0.2,2.0,38.0,10/11/2022,2.16,1.77,3.65,3.4,2.2
2022-12-29,La Liga,Real-Betis,Athletic Club,Home,D,0,0,0.5,0.4,53.0,29/12/2022,2.01,1.9,2.95,3.47,2.53
2023-01-05,Copa del Rey,Real-Betis,Ibiza,Away,W,4,1,,,68.0,,,,,,
2023-01-08,La Liga,Real-Betis,Rayo Vallecano,Away,W,2,1,0.9,1.6,38.0,08/01/2023,2.3,1.68,3.31,3.33,2.38
2023-01-12,Supercopa de España,Real-Betis,Barcelona,Home,D,2 (2),2 (4),,,39.0,01/02/2023,1.83,2.07,5.24,4.17,1.68
2023-01-18,Copa del Rey,Real-Betis,Osasuna,Home,D,2 (2),2 (4),,,54.0,26/08/2022,1.96,1.94,1.82,3.77,4.78
2023-01-21,La Liga,Real-Betis,Espanyol,Away,L,0,1,0.9,2.3,69.0,21/01/2023,2.26,1.7,2.8,3.16,2.87
2023-01-28,La Liga,Real-Betis,Getafe,Away,W,1,0,1.7,0.3,61.0,28/01/2023,2.98,1.43,2.69,2.88,3.3
2023-02-01,La Liga,Real-Betis,Barcelona,Home,L,1,2,0.6,1.9,37.0,01/02/2023,1.83,2.07,5.24,4.17,1.68
2023-02-04,La Liga,Real-Betis,Celta Vigo,Home,L,3,4,3.4,1.9,55.0,04/02/2023,2.56,1.56,2.23,3.18,3.85
2023-02-11,La Liga,Real-Betis,Almería,Away,W,3,2,2.5,2.3,48.0,11/02/2023,2.09,1.81,2.52,3.38,3.04
2023-02-18,La Liga,Real-Betis,Valladolid,Home,W,2,1,2.4,1.0,47.0,18/02/2023,2.05,1.86,1.66,3.91,5.98
2023-02-24,La Liga,Real-Betis,Elche,Away,W,3,2,4.1,1.0,65.0,24/02/2023,2.22,1.73,2.15,3.4,3.8
2023-03-05,La Liga,Real-Betis,Real Madrid,Home,D,0,0,0.5,1.5,37.0,05/03/2023,1.86,2.04,4.64,3.93,1.79
2023-03-09,Europa Lg,Real-Betis,eng Manchester Utd,Away,L,1,4,0.5,3.0,44.0,,,,,,
2023-03-12,La Liga,Real-Betis,Villarreal,Away,D,1,1,1.0,1.7,43.0,12/03/2023,1.93,1.96,3.79,3.75,2.01
2023-03-16,Europa Lg,Real-Betis,eng Manchester Utd,Home,L,0,1,1.2,1.9,46.0,,,,,,
2023-03-19,La Liga,Real-Betis,Mallorca,Home,W,1,0,0.8,0.2,60.0,19/03/2023,2.59,1.54,1.89,3.31,5.05
2023-04-02,La Liga,Real-Betis,Atlético Madrid,Away,L,0,1,0.6,1.6,46.0,02/04/2023,2.01,1.88,6.78,4.27,1.54
2023-04-09,La Liga,Real-Betis,Cádiz,Home,L,0,2,1.2,2.9,47.0,09/04/2023,2.19,1.74,1.68,3.76,5.96
2023-04-15,La Liga,Real-Betis,Espanyol,Home,W,3,1,2.0,0.8,52.0,15/04/2023,2.19,1.74,1.85,3.6,4.74
2023-04-22,La Liga,Real-Betis,Osasuna,Away,L,2,3,2.0,1.5,62.0,22/04/2023,2.48,1.58,2.92,3.18,2.7
2023-04-25,La Liga,Real-Betis,Real Sociedad,Home,D,0,0,1.0,0.9,58.0,25/04/2023,2.39,1.64,2.88,3.28,2.71
2023-04-29,La Liga,Real-Betis,Barcelona,Away,L,0,4,0.2,3.0,33.0,29/04/2023,1.69,2.26,9.18,5.35,1.36
2023-05-04,La Liga,Real-Betis,Athletic Club,Away,W,1,0,1.2,1.6,37.0,04/05/2023,1.99,1.89,5.54,3.96,1.68
2023-05-15,La Liga,Real-Betis,Rayo Vallecano,Home,,,,,,,,,,,,
2023-05-21,La Liga,Real-Betis,Sevilla,Away,,,,,,,,,,,,
2023-05-24,La Liga,Real-Betis,Getafe,Home,,,,,,,,,,,,
2023-05-28,La Liga,Real-Betis,Girona,Away,,,,,,,,,,,,
2023-06-04,La Liga,Real-Betis,Valencia,Home,,,,,,,,,,,,
2022-08-14,La Liga,Girona,Valencia,Away,L,0.0,1.0,0.1,1.6,54.0,14/08/2022,2.17,1.76,4.65,3.42,1.94
2022-08-22,La Liga,Girona,Getafe,Home,W,3.0,1.0,1.1,0.6,66.0,22/08/2022,3.02,1.42,2.85,2.83,3.15
2022-08-26,La Liga,Girona,Celta Vigo,Home,L,0.0,1.0,1.0,1.0,53.0,26/08/2022,2.26,1.71,2.81,3.15,2.87
2022-09-03,La Liga,Girona,Mallorca,Away,D,1.0,1.0,1.2,0.7,49.0,03/09/2022,2.4,1.63,4.0,3.17,2.19
2022-09-09,La Liga,Girona,Valladolid,Home,W,2.0,1.0,1.7,0.6,45.0,09/09/2022,2.24,1.72,2.3,3.23,3.61
2022-09-18,La Liga,Girona,Betis,Away,L,1.0,2.0,1.3,1.6,56.0,18/09/2022,2.2,1.74,5.4,3.63,1.78
2022-10-02,La Liga,Girona,Real Sociedad,Home,L,3.0,5.0,1.0,2.1,41.0,02/10/2022,2.26,1.71,3.37,3.34,2.35
2022-10-08,La Liga,Girona,Atlético Madrid,Away,L,1.0,2.0,0.8,1.9,55.0,08/10/2022,1.98,1.92,7.32,4.47,1.51
2022-10-15,La Liga,Girona,Cádiz,Home,D,1.0,1.0,2.3,1.1,65.0,15/10/2022,2.54,1.57,1.97,3.22,4.9
2022-10-20,La Liga,Girona,Almería,Away,L,2.0,3.0,2.8,1.8,65.0,20/10/2022,2.16,1.77,2.87,3.32,2.69
2022-10-23,La Liga,Girona,Osasuna,Home,D,1.0,1.0,0.4,0.6,50.0,23/10/2022,2.3,1.68,2.64,3.24,3.0
2022-10-30,La Liga,Girona,Real Madrid,Away,D,1.0,1.0,1.4,2.9,42.0,30/10/2022,1.44,2.9,14.02,7.06,1.22
2022-11-04,La Liga,Girona,Athletic Club,Home,W,2.0,1.0,1.0,0.7,42.0,04/11/2022,2.0,1.91,3.94,3.66,2.02
2022-11-08,La Liga,Girona,Elche,Away,W,2.0,1.0,2.3,0.6,55.0,08/11/2022,2.22,1.73,2.32,3.35,3.42
2022-11-13,Copa del Rey,Girona,Quintanar del Rey,Away,W,2.0,1.0,,,65.0,,,,,,
2022-12-22,Copa del Rey,Girona,CP Cacereño,Away,L,1.0,2.0,,,66.0,,,,,,
2022-12-29,La Liga,Girona,Rayo Vallecano,Home,D,2.0,2.0,2.3,1.0,59.0,29/12/2022,2.07,1.85,2.34,3.37,3.37
2023-01-07,La Liga,Girona,Espanyol,Away,D,2.0,2.0,1.2,1.5,56.0,07/01/2023,2.09,1.81,3.23,3.44,2.37
2023-01-14,La Liga,Girona,Sevilla,Home,W,2.0,1.0,2.2,1.1,46.0,14/01/2023,2.08,1.84,2.43,3.42,3.14
2023-01-22,La Liga,Girona,Villarreal,Away,L,0.0,1.0,0.6,2.5,32.0,22/01/2023,1.76,2.17,4.76,4.06,1.76
2023-01-28,La Liga,Girona,Barcelona,Home,L,0.0,1.0,1.1,1.1,41.0,28/01/2023,1.73,2.22,5.32,4.39,1.64
2023-02-05,La Liga,Girona,Valencia,Home,W,1.0,0.0,2.3,1.0,51.0,05/02/2023,2.04,1.87,2.28,3.39,3.47
2023-02-10,La Liga,Girona,Cádiz,Away,L,0.0,2.0,0.2,0.7,57.0,10/02/2023,2.41,1.63,2.53,3.2,3.19
2023-02-17,La Liga,Girona,Almería,Home,W,6.0,2.0,3.0,1.8,52.0,17/02/2023,1.99,1.91,1.86,3.71,4.61
2023-02-26,La Liga,Girona,Athletic Club,Away,W,3.0,2.0,1.1,1.6,40.0,26/02/2023,2.14,1.78,5.63,3.81,1.71
2023-03-04,La Liga,Girona,Getafe,Away,L,2.0,3.0,0.8,1.5,61.0,04/03/2023,2.68,1.52,2.97,2.95,2.84
2023-03-13,La Liga,Girona,Atlético Madrid,Home,L,0.0,1.0,0.4,1.9,50.0,13/03/2023,2.17,1.74,3.75,3.4,2.14
2023-03-18,La Liga,Girona,Rayo Vallecano,Away,D,2.0,2.0,1.8,1.9,53.0,18/03/2023,2.17,1.75,3.79,3.44,2.11
2023-04-01,La Liga,Girona,Espanyol,Home,W,2.0,1.0,1.6,1.0,62.0,01/04/2023,2.03,1.86,1.94,3.5,4.38
2023-04-10,La Liga,Girona,Barcelona,Away,D,0.0,0.0,0.6,1.3,41.0,10/04/2023,1.63,2.39,10.1,5.83,1.31
2023-04-16,La Liga,Girona,Elche,Home,W,2.0,0.0,1.3,0.7,49.0,16/04/2023,1.86,2.03,1.54,4.37,6.51
2023-04-22,La Liga,Girona,Valladolid,Away,L,0.0,1.0,1.0,1.1,62.0,22/04/2023,1.94,1.94,2.93,3.52,2.49
2023-04-25,La Liga,Girona,Real Madrid,Home,W,4.0,2.0,2.3,1.8,29.0,25/04/2023,1.58,2.53,5.56,4.55,1.6
2023-05-01,La Liga,Girona,Sevilla,Away,W,2.0,0.0,0.8,2.2,37.0,01/05/2023,2.0,1.89,4.02,3.55,2.01
2023-05-04,La Liga,Girona,Mallorca,Home,W,2.0,1.0,1.7,1.4,62.0,04/05/2023,2.57,1.55,2.14,3.26,3.95
2023-05-13,La Liga,Girona,Real Sociedad,Away,,,,,,,,,,,,
2023-05-20,La Liga,Girona,Villarreal,Home,,,,,,,,,,,,
2023-05-23,La Liga,Girona,Celta Vigo,Away,,,,,,,,,,,,
2023-05-28,La Liga,Girona,Betis,Home,,,,,,,,,,,,
2023-06-04,La Liga,Girona,Osasuna,Away,,,,,,,,,,,,
2022-08-15,La Liga,Athletic-Club,Mallorca,Home,D,0.0,0.0,1.6,0.4,64.0,15/08/2022,2.2,1.74,1.61,3.94,6.73
2022-08-21,La Liga,Athletic-Club,Valencia,Home,W,1.0,0.0,1.0,0.7,38.0,21/08/2022,2.14,1.78,1.81,3.59,5.2
2022-08-29,La Liga,Athletic-Club,Cádiz,Away,W,4.0,0.0,2.4,0.4,62.0,29/08/2022,2.57,1.56,2.2,3.15,3.99
2022-09-04,La Liga,Athletic-Club,Espanyol,Home,L,0.0,1.0,1.2,0.6,66.0,04/09/2022,2.11,1.8,1.58,4.07,6.75
2022-09-11,La Liga,Athletic-Club,Elche,Away,W,4.0,1.0,2.7,0.9,53.0,11/09/2022,2.26,1.7,1.96,3.54,4.31
2022-09-17,La Liga,Athletic-Club,Rayo Vallecano,Home,W,3.0,2.0,1.9,0.7,39.0,17/09/2022,2.05,1.86,1.56,4.19,6.92
2022-09-30,La Liga,Athletic-Club,Almería,Home,W,4.0,0.0,2.1,0.7,58.0,30/09/2022,1.77,2.16,1.39,5.0,9.35
2022-10-08,La Liga,Athletic-Club,Sevilla,Away,D,1.0,1.0,1.7,1.0,55.0,08/10/2022,2.15,1.78,2.49,3.36,3.1
2022-10-15,La Liga,Athletic-Club,Atlético Madrid,Home,L,0.0,1.0,1.2,0.3,60.0,15/10/2022,2.17,1.76,2.48,3.31,3.17
2022-10-18,La Liga,Athletic-Club,Getafe,Away,D,2.0,2.0,1.0,0.8,59.0,18/10/2022,2.42,1.63,1.93,3.39,4.72
2022-10-23,La Liga,Athletic-Club,Barcelona,Away,L,0.0,4.0,0.5,1.4,35.0,23/10/2022,1.63,2.41,5.94,4.62,1.56
2022-10-30,La Liga,Athletic-Club,Villarreal,Home,W,1.0,0.0,1.7,0.3,43.0,30/10/2022,2.02,1.89,2.22,3.49,3.5
2022-11-04,La Liga,Athletic-Club,Girona,Away,L,1.0,2.0,0.7,1.0,58.0,04/11/2022,2.0,1.91,2.02,3.66,3.94
2022-11-08,La Liga,Athletic-Club,Valladolid,Home,W,3.0,0.0,2.1,0.5,43.0,08/11/2022,1.75,2.19,1.44,4.71,8.39
2022-11-13,Copa del Rey,Athletic-Club,UD Alzira,Away,W,2.0,0.0,,,61.0,,,,,,
2022-12-20,Copa del Rey,Athletic-Club,Sestao,Away,W,1.0,0.0,,,58.0,,,,,,
2022-12-29,La Liga,Athletic-Club,Betis,Away,D,0.0,0.0,0.4,0.5,47.0,29/12/2022,2.01,1.9,2.53,3.47,2.95
2023-01-05,Copa del Rey,Athletic-Club,CD Eldense,Away,W,6.0,1.0,,,59.0,,,,,,
2023-01-09,La Liga,Athletic-Club,Osasuna,Home,D,0.0,0.0,1.0,0.4,59.0,09/01/2023,2.17,1.76,1.7,3.65,6.1
2023-01-14,La Liga,Athletic-Club,Real Sociedad,Away,L,1.0,3.0,0.3,2.0,43.0,14/01/2023,2.33,1.67,3.23,3.25,2.47
2023-01-18,Copa del Rey,Athletic-Club,Espanyol,Home,W,1.0,0.0,,,63.0,04/09/2022,2.11,1.8,1.58,4.07,6.75
2023-01-22,La Liga,Athletic-Club,Real Madrid,Home,L,0.0,2.0,1.1,1.1,51.0,22/01/2023,1.9,2.01,3.0,3.5,2.48
2023-01-26,Copa del Rey,Athletic-Club,Valencia,Away,W,3.0,1.0,,,47.0,11/02/2023,2.29,1.69,2.51,3.28,3.13
2023-01-29,La Liga,Athletic-Club,Celta Vigo,Away,L,0.0,1.0,0.4,0.7,51.0,29/01/2023,2.53,1.57,2.8,3.09,2.94
2023-02-03,La Liga,Athletic-Club,Cádiz,Home,W,4.0,1.0,1.7,1.6,42.0,03/02/2023,2.1,1.81,1.39,4.75,10.29
2023-02-11,La Liga,Athletic-Club,Valencia,Away,W,2.0,1.0,1.5,1.6,51.0,11/02/2023,2.29,1.69,2.51,3.28,3.13
2023-02-19,La Liga,Athletic-Club,Atlético Madrid,Away,L,0.0,1.0,0.8,1.2,43.0,19/02/2023,2.36,1.65,4.19,3.31,2.07
2023-02-26,La Liga,Athletic-Club,Girona,Home,L,2.0,3.0,1.6,1.1,60.0,26/02/2023,2.14,1.78,1.71,3.81,5.63
2023-03-01,Copa del Rey,Athletic-Club,Osasuna,Away,L,0.0,1.0,,,55.0,,,,,,
2023-03-05,La Liga,Athletic-Club,Rayo Vallecano,Away,D,0.0,0.0,1.3,1.1,45.0,05/03/2023,2.49,1.58,2.57,3.08,3.18
2023-03-12,La Liga,Athletic-Club,Barcelona,Home,L,0.0,1.0,0.9,0.9,38.0,12/03/2023,2.17,1.75,3.61,3.42,2.18
2023-03-17,La Liga,Athletic-Club,Valladolid,Away,W,3.0,1.0,2.6,1.1,52.0,17/03/2023,1.97,1.93,1.87,3.76,4.46
2023-04-01,La Liga,Athletic-Club,Getafe,Home,D,0.0,0.0,0.9,0.8,65.0,01/04/2023,2.51,1.57,1.63,3.7,6.74
2023-04-04,Copa del Rey,Athletic-Club,Osasuna,Home,D,1.0,1.0,,,62.0,09/01/2023,2.17,1.76,1.7,3.65,6.1
2023-04-08,La Liga,Athletic-Club,Espanyol,Away,W,2.0,1.0,2.3,0.9,51.0,08/04/2023,2.39,1.63,2.27,3.24,3.59
2023-04-15,La Liga,Athletic-Club,Real Sociedad,Home,W,2.0,0.0,0.8,1.4,51.0,15/04/2023,2.48,1.58,2.3,3.15,3.62
2023-04-22,La Liga,Athletic-Club,Almería,Away,W,2.0,1.0,1.7,0.8,47.0,22/04/2023,1.91,1.98,1.91,3.78,4.16
2023-04-27,La Liga,Athletic-Club,Sevilla,Home,L,0.0,1.0,0.3,1.0,54.0,27/04/2023,2.12,1.78,1.8,3.73,4.85
2023-05-01,La Liga,Athletic-Club,Mallorca,Away,D,1.0,1.0,1.7,0.9,70.0,01/05/2023,2.9,1.44,2.34,3.05,3.66
2023-05-04,La Liga,Athletic-Club,Betis,Home,L,0.0,1.0,1.6,1.2,63.0,04/05/2023,1.99,1.89,1.68,3.96,5.54
2023-05-13,La Liga,Athletic-Club,Villarreal,Away,,,,,,,,,,,,
2023-05-20,La Liga,Athletic-Club,Celta Vigo,Home,,,,,,,,,,,,
2023-05-25,La Liga,Athletic-Club,Osasuna,Away,,,,,,,,,,,,
2023-05-28,La Liga,Athletic-Club,Elche,Home,,,,,,,,,,,,
2023-06-04,La Liga,Athletic-Club,Real Madrid,Away,,,,,,,,,,,,
2022-08-13,La Liga,Rayo-Vallecano,Barcelona,Away,D,0,0,0.5,1.9,33.0,13/08/2022,1.55,2.57,15.0,6.83,1.22
2022-08-19,La Liga,Rayo-Vallecano,Espanyol,Away,W,2,0,1.4,0.8,46.0,19/08/2022,2.47,1.6,3.3,3.04,2.56
2022-08-27,La Liga,Rayo-Vallecano,Mallorca,Home,L,0,2,0.7,0.8,65.0,27/08/2022,2.41,1.63,2.08,3.23,4.3
2022-09-04,La Liga,Rayo-Vallecano,Osasuna,Away,L,1,2,0.2,2.0,53.0,04/09/2022,2.4,1.63,4.61,3.09,2.07
2022-09-10,La Liga,Rayo-Vallecano,Valencia,Home,W,2,1,1.7,1.7,46.0,10/09/2022,2.17,1.76,2.69,3.16,3.0
2022-09-17,La Liga,Rayo-Vallecano,Athletic Club,Away,L,2,3,0.7,1.9,61.0,17/09/2022,2.05,1.86,6.92,4.19,1.56
2022-10-03,La Liga,Rayo-Vallecano,Elche,Home,W,2,1,0.9,1.1,70.0,03/10/2022,2.1,1.83,1.74,3.82,5.31
2022-10-08,La Liga,Rayo-Vallecano,Almería,Away,L,1,3,0.8,1.2,63.0,08/10/2022,2.26,1.7,2.55,3.23,3.12
2022-10-14,La Liga,Rayo-Vallecano,Getafe,Home,D,0,0,1.6,0.4,65.0,14/10/2022,2.65,1.53,2.09,3.16,4.39
2022-10-18,La Liga,Rayo-Vallecano,Atlético Madrid,Away,D,1,1,1.8,1.1,48.0,18/10/2022,2.2,1.74,8.09,4.07,1.53
2022-10-22,La Liga,Rayo-Vallecano,Cádiz,Home,W,5,1,3.7,0.2,62.0,22/10/2022,2.29,1.69,1.76,3.64,5.52
2022-10-29,La Liga,Rayo-Vallecano,Sevilla,Away,W,1,0,0.7,1.2,38.0,29/10/2022,2.21,1.74,4.21,3.46,2.02
2022-11-07,La Liga,Rayo-Vallecano,Real Madrid,Home,W,3,2,1.5,2.4,46.0,07/11/2022,1.81,2.11,5.6,4.1,1.66
2022-11-10,La Liga,Rayo-Vallecano,Celta Vigo,Home,D,0,0,0.4,0.9,59.0,10/11/2022,2.23,1.72,2.19,3.34,3.76
2022-11-13,Copa del Rey,Rayo-Vallecano,CFJ Mollerussa,Away,W,3,1,,,73.0,,,,,,
2022-12-21,Copa del Rey,Rayo-Vallecano,Atlético Saguntino,Away,D,0 (3),0 (1),,,77.0,,,,,,
2022-12-29,La Liga,Rayo-Vallecano,Girona,Away,D,2,2,1.0,2.3,41.0,29/12/2022,2.07,1.85,3.37,3.37,2.34
2023-01-03,Copa del Rey,Rayo-Vallecano,Sporting Gijón,Away,L,0,2,,,61.0,,,,,,
2023-01-08,La Liga,Rayo-Vallecano,Betis,Home,L,1,2,1.6,0.9,62.0,08/01/2023,2.3,1.68,2.38,3.33,3.31
2023-01-14,La Liga,Rayo-Vallecano,Valladolid,Away,W,1,0,1.1,0.6,55.0,14/01/2023,2.23,1.72,2.72,3.3,2.86
2023-01-21,La Liga,Rayo-Vallecano,Real Sociedad,Home,L,0,2,0.9,1.6,54.0,21/01/2023,2.52,1.58,3.21,3.23,2.49
2023-01-30,La Liga,Rayo-Vallecano,Villarreal,Away,W,1,0,1.0,0.8,38.0,30/01/2023,2.03,1.88,5.41,3.85,1.72
2023-02-06,La Liga,Rayo-Vallecano,Almería,Home,W,2,0,1.1,1.2,49.0,06/02/2023,2.08,1.84,1.76,3.8,5.19
2023-02-12,La Liga,Rayo-Vallecano,Getafe,Away,D,1,1,2.2,1.4,57.0,12/02/2023,3.1,1.41,3.01,2.85,2.96
2023-02-19,La Liga,Rayo-Vallecano,Sevilla,Home,D,1,1,1.3,0.5,58.0,19/02/2023,2.43,1.62,2.55,3.22,3.14
2023-02-25,La Liga,Rayo-Vallecano,Cádiz,Away,L,0,1,0.6,0.8,58.0,25/02/2023,2.77,1.5,2.76,2.98,3.09
2023-03-05,La Liga,Rayo-Vallecano,Athletic Club,Home,D,0,0,1.1,1.3,55.0,05/03/2023,2.49,1.58,3.18,3.08,2.57
2023-03-11,La Liga,Rayo-Vallecano,Celta Vigo,Away,L,0,3,1.1,2.4,57.0,11/03/2023,2.47,1.59,4.05,3.2,2.13
2023-03-18,La Liga,Rayo-Vallecano,Girona,Home,D,2,2,1.9,1.8,47.0,18/03/2023,2.17,1.75,2.11,3.44,3.79
2023-04-03,La Liga,Rayo-Vallecano,Valencia,Away,D,1,1,0.8,2.3,39.0,03/04/2023,2.43,1.61,3.91,3.23,2.16
2023-04-09,La Liga,Rayo-Vallecano,Atlético Madrid,Home,L,1,2,0.7,1.9,51.0,09/04/2023,2.39,1.63,4.68,3.45,1.9
2023-04-14,La Liga,Rayo-Vallecano,Osasuna,Home,W,2,1,0.9,0.6,46.0,14/04/2023,2.5,1.58,2.22,3.13,3.87
2023-04-22,La Liga,Rayo-Vallecano,Real Sociedad,Away,L,1,2,0.5,0.6,40.0,22/04/2023,2.38,1.63,6.17,3.69,1.67
2023-04-26,La Liga,Rayo-Vallecano,Barcelona,Home,W,2,1,0.7,0.9,40.0,26/04/2023,2.11,1.79,5.02,3.84,1.75
2023-04-29,La Liga,Rayo-Vallecano,Elche,Away,L,0,4,0.8,2.8,50.0,29/04/2023,2.23,1.7,1.83,3.6,4.84
2023-05-04,La Liga,Rayo-Vallecano,Valladolid,Home,W,2,1,1.4,0.6,52.0,04/05/2023,1.99,1.89,1.81,3.74,4.73
2023-05-15,La Liga,Rayo-Vallecano,Betis,Away,,,,,,,,,,,,
2023-05-21,La Liga,Rayo-Vallecano,Espanyol,Home,,,,,,,,,,,,
2023-05-25,La Liga,Rayo-Vallecano,Real Madrid,Away,,,,,,,,,,,,
2023-05-28,La Liga,Rayo-Vallecano,Villarreal,Home,,,,,,,,,,,,
2023-06-04,La Liga,Rayo-Vallecano,Mallorca,Away,,,,,,,,,,,,
2022-08-12,La Liga,Osasuna,Sevilla,Home,W,2,1,1.5,0.9,35.0,12/08/2022,2.55,1.57,3.38,3.1,2.48
2022-08-20,La Liga,Osasuna,Cádiz,Home,W,2,0,2.7,1.0,55.0,20/08/2022,2.5,1.59,1.97,3.27,4.76
2022-08-26,La Liga,Osasuna,Betis,Away,L,0,1,1.3,0.5,45.0,26/08/2022,1.96,1.94,4.78,3.77,1.82
2022-09-04,La Liga,Osasuna,Rayo Vallecano,Home,W,2,1,2.0,0.2,47.0,04/09/2022,2.4,1.63,2.07,3.09,4.61
2022-09-12,La Liga,Osasuna,Almería,Away,W,1,0,2.0,0.2,39.0,12/09/2022,2.3,1.68,2.85,3.24,2.76
2022-09-18,La Liga,Osasuna,Getafe,Home,L,0,2,0.5,0.8,55.0,18/09/2022,2.68,1.53,1.88,3.25,5.45
2022-10-02,La Liga,Osasuna,Real Madrid,Away,D,1,1,0.5,2.5,36.0,02/10/2022,1.65,2.38,9.33,5.63,1.35
2022-10-07,La Liga,Osasuna,Valencia,Home,L,1,2,1.6,2.1,44.0,07/10/2022,2.25,1.71,2.46,3.27,3.22
2022-10-17,La Liga,Osasuna,Villarreal,Away,L,0,2,0.5,1.5,42.0,17/10/2022,1.88,2.03,6.33,4.28,1.58
2022-10-20,La Liga,Osasuna,Espanyol,Home,W,1,0,1.0,1.0,64.0,20/10/2022,2.17,1.76,2.1,3.51,3.82
2022-10-23,La Liga,Osasuna,Girona,Away,D,1,1,0.6,0.4,50.0,23/10/2022,2.3,1.68,3.0,3.24,2.64
2022-10-30,La Liga,Osasuna,Valladolid,Home,W,2,0,2.5,0.5,48.0,30/10/2022,2.23,1.72,1.93,3.49,4.55
2022-11-05,La Liga,Osasuna,Celta Vigo,Away,W,2,1,0.4,0.7,39.0,05/11/2022,2.31,1.68,3.73,3.36,2.19
2022-11-08,La Liga,Osasuna,Barcelona,Home,L,1,2,1.0,0.8,47.0,08/11/2022,1.75,2.19,6.35,4.36,1.56
2022-11-12,Copa del Rey,Osasuna,CD Fuentes,Away,W,4,1,,,,,,,,,
2022-12-21,Copa del Rey,Osasuna,CD Arnedo,Away,W,3,1,,,67.0,,,,,,
2022-12-31,La Liga,Osasuna,Real Sociedad,Away,L,0,2,0.4,1.4,49.0,31/12/2022,2.34,1.66,4.67,3.48,1.92
2023-01-05,Copa del Rey,Osasuna,Gimnàstic,Away,W,2,1,,,68.0,,,,,,
2023-01-09,La Liga,Osasuna,Athletic Club,Away,D,0,0,0.4,1.0,41.0,09/01/2023,2.17,1.76,6.1,3.65,1.7
2023-01-14,La Liga,Osasuna,Mallorca,Home,W,1,0,1.6,0.5,61.0,14/01/2023,2.87,1.46,2.11,3.1,4.43
2023-01-18,Copa del Rey,Osasuna,Betis,Away,D,2 (4),2 (2),,,46.0,26/08/2022,1.96,1.94,4.78,3.77,1.82
2023-01-22,La Liga,Osasuna,Elche,Away,D,1,1,0.5,1.2,56.0,22/01/2023,2.41,1.63,2.21,3.26,3.8
2023-01-25,Copa del Rey,Osasuna,Sevilla,Home,W,2,1,,,33.0,12/08/2022,2.55,1.57,3.38,3.1,2.48
2023-01-29,La Liga,Osasuna,Atlético Madrid,Home,L,0,1,0.9,1.6,52.0,29/01/2023,2.41,1.63,3.85,3.24,2.2
2023-02-04,La Liga,Osasuna,Espanyol,Away,D,1,1,0.9,1.4,59.0,04/02/2023,2.61,1.55,3.08,3.07,2.69
2023-02-12,La Liga,Osasuna,Valladolid,Away,D,0,0,0.7,1.6,49.0,12/02/2023,2.56,1.56,2.87,3.09,2.86
2023-02-18,La Liga,Osasuna,Real Madrid,Home,L,0,2,0.5,1.3,47.0,18/02/2023,2.08,1.84,4.73,3.7,1.85
2023-02-26,La Liga,Osasuna,Sevilla,Away,W,3,2,0.9,1.7,33.0,26/02/2023,2.39,1.64,4.74,3.53,1.88
2023-03-01,Copa del Rey,Osasuna,Athletic Club,Home,W,1,0,,,45.0,,,,,,
2023-03-06,La Liga,Osasuna,Celta Vigo,Home,D,0,0,0.8,1.1,64.0,06/03/2023,2.53,1.57,2.85,3.07,2.86
2023-03-11,La Liga,Osasuna,Valencia,Away,L,0,1,0.3,1.7,45.0,11/03/2023,2.52,1.57,4.04,3.24,2.12
2023-03-19,La Liga,Osasuna,Villarreal,Home,L,0,3,0.9,1.8,55.0,19/03/2023,2.32,1.66,3.2,3.25,2.46
2023-03-31,La Liga,Osasuna,Mallorca,Away,D,0,0,0.5,0.5,58.0,31/03/2023,3.21,1.38,4.21,2.87,2.26
2023-04-04,Copa del Rey,Osasuna,Athletic Club,Away,D,1,1,,,38.0,09/01/2023,2.17,1.76,6.1,3.65,1.7
2023-04-08,La Liga,Osasuna,Elche,Home,W,2,1,1.2,0.7,61.0,08/04/2023,2.38,1.63,1.77,3.57,5.39
2023-04-14,La Liga,Osasuna,Rayo Vallecano,Away,L,1,2,0.6,0.9,54.0,14/04/2023,2.5,1.58,3.87,3.13,2.22
2023-04-22,La Liga,Osasuna,Betis,Home,W,3,2,1.5,2.0,38.0,22/04/2023,2.48,1.58,2.7,3.18,2.92
2023-04-25,La Liga,Osasuna,Cádiz,Away,W,1,0,1.0,1.4,44.0,25/04/2023,2.5,1.59,3.39,3.22,2.4
2023-04-28,La Liga,Osasuna,Real Sociedad,Home,L,0,2,1.4,1.4,51.0,28/04/2023,3.08,1.41,4.02,3.02,2.26
2023-05-02,La Liga,Osasuna,Barcelona,Away,L,0,1,0.4,2.8,24.0,02/05/2023,1.49,2.69,18.0,7.5,1.19
2023-05-06,Copa del Rey,Osasuna,Real Madrid,Away,L,1,2,,,41.0,02/10/2022,1.65,2.38,9.33,5.63,1.35
2023-05-13,La Liga,Osasuna,Almería,Home,,,,,,,,,,,,
2023-05-21,La Liga,Osasuna,Atlético Madrid,Away,,,,,,,,,,,,
2023-05-25,La Liga,Osasuna,Athletic Club,Home,,,,,,,,,,,,
2023-05-28,La Liga,Osasuna,Getafe,Away,,,,,,,,,,,,
2023-06-04,La Liga,Osasuna,Girona,Home,,,,,,,,,,,,
2022-08-12,La Liga,Sevilla,Osasuna,Away,L,1.0,2.0,0.9,1.5,65.0,12/08/2022,2.55,1.57,2.48,3.1,3.38
2022-08-19,La Liga,Sevilla,Valladolid,Home,D,1.0,1.0,2.0,0.5,61.0,19/08/2022,2.01,1.9,1.56,4.21,6.92
2022-08-27,La Liga,Sevilla,Almería,Away,L,1.0,2.0,1.0,2.3,67.0,27/08/2022,2.29,1.69,2.23,3.29,3.72
2022-09-03,La Liga,Sevilla,Barcelona,Home,L,0.0,3.0,1.0,4.0,46.0,03/09/2022,1.81,2.1,4.67,3.77,1.83
2022-09-06,Champions Lg,Sevilla,eng Manchester City,Home,L,0.0,4.0,0.3,3.6,39.0,,,,,,
2022-09-10,La Liga,Sevilla,Espanyol,Away,W,3.0,2.0,2.0,2.5,42.0,10/09/2022,2.23,1.72,2.61,3.27,3.0
2022-09-14,Champions Lg,Sevilla,dk FC Copenhagen,Away,D,0.0,0.0,0.8,0.7,63.0,,,,,,
2022-09-18,La Liga,Sevilla,Villarreal,Away,D,1.0,1.0,0.6,1.5,54.0,18/09/2022,1.93,1.98,5.19,3.97,1.72
2022-10-01,La Liga,Sevilla,Atlético Madrid,Home,L,0.0,2.0,0.5,2.2,60.0,01/10/2022,2.4,1.64,3.15,3.25,2.52
2022-10-05,Champions Lg,Sevilla,de Dortmund,Home,L,1.0,4.0,2.0,2.5,58.0,,,,,,
2022-10-08,La Liga,Sevilla,Athletic Club,Home,D,1.0,1.0,1.0,1.7,45.0,08/10/2022,2.15,1.78,3.1,3.36,2.49
2022-10-11,Champions Lg,Sevilla,de Dortmund,Away,D,1.0,1.0,0.8,0.4,48.0,,,,,,
2022-10-15,La Liga,Sevilla,Mallorca,Away,W,1.0,0.0,0.2,0.7,56.0,15/10/2022,2.41,1.63,2.74,3.14,2.95
2022-10-18,La Liga,Sevilla,Valencia,Home,D,1.0,1.0,1.1,1.8,64.0,18/10/2022,2.03,1.88,2.34,3.43,3.3
2022-10-22,La Liga,Sevilla,Real Madrid,Away,L,1.0,3.0,0.5,3.0,44.0,22/10/2022,1.61,2.44,9.33,5.03,1.39
2022-10-25,Champions Lg,Sevilla,dk FC Copenhagen,Home,W,3.0,0.0,1.0,1.1,57.0,,,,,,
2022-10-29,La Liga,Sevilla,Rayo Vallecano,Home,L,0.0,1.0,1.2,0.7,62.0,29/10/2022,2.21,1.74,2.02,3.46,4.21
2022-11-02,Champions Lg,Sevilla,eng Manchester City,Away,L,1.0,3.0,0.4,2.0,39.0,,,,,,
2022-11-06,La Liga,Sevilla,Betis,Away,D,1.0,1.0,1.5,1.0,63.0,06/11/2022,2.16,1.76,3.77,3.33,2.19
2022-11-09,La Liga,Sevilla,Real Sociedad,Home,L,1.0,2.0,0.6,1.7,32.0,09/11/2022,2.31,1.68,2.66,3.25,2.96
2022-11-13,Copa del Rey,Sevilla,Velarde CF,Away,W,2.0,0.0,,,87.0,,,,,,
2022-12-21,Copa del Rey,Sevilla,Juventud Torremolinos CF,Away,W,3.0,0.0,,,60.0,,,,,,
2022-12-30,La Liga,Sevilla,Celta Vigo,Away,D,1.0,1.0,0.7,2.0,56.0,30/12/2022,2.22,1.73,3.52,3.43,2.24
2023-01-04,Copa del Rey,Sevilla,Linares,Away,W,5.0,0.0,,,63.0,,,,,,
2023-01-08,La Liga,Sevilla,Getafe,Home,W,2.0,1.0,1.2,0.7,58.0,08/01/2023,2.55,1.57,1.79,3.49,5.58
2023-01-14,La Liga,Sevilla,Girona,Away,L,1.0,2.0,1.1,2.2,54.0,14/01/2023,2.08,1.84,3.14,3.42,2.43
2023-01-17,Copa del Rey,Sevilla,Alavés,Away,W,1.0,0.0,,,53.0,,,,,,
2023-01-21,La Liga,Sevilla,Cádiz,Home,W,1.0,0.0,1.7,0.1,75.0,21/01/2023,2.21,1.74,1.71,3.78,5.65
2023-01-25,Copa del Rey,Sevilla,Osasuna,Away,L,1.0,2.0,,,67.0,12/08/2022,2.55,1.57,2.48,3.1,3.38
2023-01-28,La Liga,Sevilla,Elche,Home,W,3.0,0.0,3.2,0.4,80.0,28/01/2023,2.13,1.79,1.53,4.21,7.42
2023-02-05,La Liga,Sevilla,Barcelona,Away,L,0.0,3.0,0.1,2.7,35.0,05/02/2023,1.72,2.22,10.19,5.51,1.34
2023-02-11,La Liga,Sevilla,Mallorca,Home,W,2.0,0.0,2.1,0.3,64.0,11/02/2023,2.88,1.46,1.99,3.17,4.88
2023-02-16,Europa Lg,Sevilla,nl PSV Eindhoven,Home,W,3.0,0.0,0.8,0.9,55.0,,,,,,
2023-02-19,La Liga,Sevilla,Rayo Vallecano,Away,D,1.0,1.0,0.5,1.3,42.0,19/02/2023,2.43,1.62,3.14,3.22,2.55
2023-02-23,Europa Lg,Sevilla,nl PSV Eindhoven,Away,L,0.0,2.0,0.7,1.7,49.0,,,,,,
2023-02-26,La Liga,Sevilla,Osasuna,Home,L,2.0,3.0,1.7,0.9,67.0,26/02/2023,2.39,1.64,1.88,3.53,4.74
2023-03-04,La Liga,Sevilla,Atlético Madrid,Away,L,1.0,6.0,1.5,3.2,53.0,04/03/2023,2.26,1.69,5.71,3.75,1.7
2023-03-09,Europa Lg,Sevilla,tr Fenerbahçe,Home,W,2.0,0.0,0.7,1.1,53.0,,,,,,
2023-03-12,La Liga,Sevilla,Almería,Home,W,2.0,1.0,3.0,1.1,56.0,12/03/2023,1.93,1.96,1.77,3.73,5.09
2023-03-16,Europa Lg,Sevilla,tr Fenerbahçe,Away,L,0.0,1.0,0.1,1.7,36.0,,,,,,
2023-03-19,La Liga,Sevilla,Getafe,Away,L,0.0,2.0,1.0,1.7,63.0,19/03/2023,2.66,1.52,2.69,3.07,3.04
2023-04-01,La Liga,Sevilla,Cádiz,Away,W,2.0,0.0,1.1,1.1,49.0,01/04/2023,2.43,1.61,2.41,3.14,3.4
2023-04-07,La Liga,Sevilla,Celta Vigo,Home,D,2.0,2.0,0.4,0.6,31.0,07/04/2023,2.2,1.74,2.22,3.41,3.58
2023-04-13,Europa Lg,Sevilla,eng Manchester Utd,Away,D,2.0,2.0,0.6,1.7,45.0,,,,,,
2023-04-16,La Liga,Sevilla,Valencia,Away,W,2.0,0.0,0.4,0.4,40.0,16/04/2023,2.34,1.65,3.63,3.31,2.22
2023-04-20,Europa Lg,Sevilla,eng Manchester Utd,Home,W,3.0,0.0,2.0,1.0,39.0,,,,,,
2023-04-23,La Liga,Sevilla,Villarreal,Home,W,2.0,1.0,0.9,2.2,38.0,23/04/2023,2.0,1.89,2.87,3.46,2.57
2023-04-27,La Liga,Sevilla,Athletic Club,Away,W,1.0,0.0,1.0,0.3,46.0,27/04/2023,2.12,1.78,4.85,3.73,1.8
2023-05-01,La Liga,Sevilla,Girona,Home,L,0.0,2.0,2.2,0.8,63.0,01/05/2023,2.0,1.89,2.01,3.55,4.02
2023-05-04,La Liga,Sevilla,Espanyol,Home,W,3.0,2.0,2.6,1.0,63.0,04/05/2023,2.07,1.83,1.85,3.65,4.66
2023-05-11,Europa Lg,Sevilla,it Juventus,Away,D,1.0,1.0,1.6,1.9,42.0,,,,,,
2023-05-14,La Liga,Sevilla,Valladolid,Away,,,,,,,,,,,,
2023-05-18,Europa Lg,Sevilla,it Juventus,Home,,,,,,,,,,,,
2023-05-21,La Liga,Sevilla,Betis,Home,,,,,,,,,,,,
2023-05-24,La Liga,Sevilla,Elche,Away,,,,,,,,,,,,
2023-05-28,La Liga,Sevilla,Real Madrid,Home,,,,,,,,,,,,
2023-06-04,La Liga,Sevilla,Real Sociedad,Away,,,,,,,,,,,,
2022-08-15,La Liga,Mallorca,Athletic Club,Away,D,0.0,0.0,0.4,1.6,36.0,15/08/2022,2.2,1.74,6.73,3.94,1.61
2022-08-20,La Liga,Mallorca,Betis,Home,L,1.0,2.0,0.6,2.1,48.0,20/08/2022,2.22,1.73,3.18,3.35,2.44
2022-08-27,La Liga,Mallorca,Rayo Vallecano,Away,W,2.0,0.0,0.8,0.7,35.0,27/08/2022,2.41,1.63,4.3,3.23,2.08
2022-09-03,La Liga,Mallorca,Girona,Home,D,1.0,1.0,0.7,1.2,51.0,03/09/2022,2.4,1.63,2.19,3.17,4.0
2022-09-11,La Liga,Mallorca,Real Madrid,Away,L,1.0,4.0,0.5,2.3,32.0,11/09/2022,1.53,2.63,11.58,6.19,1.28
2022-09-17,La Liga,Mallorca,Almería,Home,W,1.0,0.0,0.6,0.4,44.0,17/09/2022,2.32,1.67,2.04,3.33,4.3
2022-10-01,La Liga,Mallorca,Barcelona,Home,L,0.0,1.0,1.2,0.7,29.0,01/10/2022,1.65,2.36,8.8,5.53,1.37
2022-10-10,La Liga,Mallorca,Elche,Away,D,1.0,1.0,2.3,0.5,58.0,10/10/2022,2.6,1.55,2.61,3.05,3.21
2022-10-15,La Liga,Mallorca,Sevilla,Home,L,0.0,1.0,0.7,0.2,44.0,15/10/2022,2.41,1.63,2.95,3.14,2.74
2022-10-19,La Liga,Mallorca,Real Sociedad,Away,L,0.0,1.0,0.9,1.2,49.0,19/10/2022,2.12,1.79,7.06,4.12,1.56
2022-10-22,La Liga,Mallorca,Valencia,Away,W,2.0,1.0,1.5,1.2,33.0,22/10/2022,2.25,1.71,5.36,3.68,1.77
2022-10-28,La Liga,Mallorca,Espanyol,Home,D,1.0,1.0,1.4,0.3,52.0,28/10/2022,2.67,1.53,2.34,3.09,3.69
2022-11-06,La Liga,Mallorca,Villarreal,Away,W,2.0,0.0,0.4,0.5,29.0,06/11/2022,2.19,1.75,6.22,4.02,1.63
2022-11-09,La Liga,Mallorca,Atlético Madrid,Home,W,1.0,0.0,1.3,1.3,37.0,09/11/2022,2.5,1.59,3.92,3.23,2.19
2022-11-12,Copa del Rey,Mallorca,CD Autol,Away,W,6.0,0.0,,,,,,,,,
2022-12-20,Copa del Rey,Mallorca,Real Unión,Away,W,1.0,0.0,,,60.0,,,,,,
2022-12-30,La Liga,Mallorca,Getafe,Away,L,0.0,2.0,0.6,1.2,45.0,30/12/2022,3.31,1.37,3.15,2.78,2.91
2023-01-04,Copa del Rey,Mallorca,Pontevedra,Away,W,2.0,0.0,,,47.0,,,,,,
2023-01-07,La Liga,Mallorca,Valladolid,Home,W,1.0,0.0,1.2,0.6,42.0,07/01/2023,2.44,1.62,1.99,3.39,4.45
2023-01-14,La Liga,Mallorca,Osasuna,Away,L,0.0,1.0,0.5,1.6,39.0,14/01/2023,2.87,1.46,4.43,3.1,2.11
2023-01-17,Copa del Rey,Mallorca,Real Sociedad,Away,L,0.0,1.0,,,43.0,19/10/2022,2.12,1.79,7.06,4.12,1.56
2023-01-20,La Liga,Mallorca,Celta Vigo,Home,W,1.0,0.0,0.5,0.5,42.0,20/01/2023,3.34,1.36,2.89,2.79,3.15
2023-01-28,La Liga,Mallorca,Cádiz,Away,L,0.0,2.0,0.4,1.9,57.0,28/01/2023,3.23,1.38,3.02,2.82,2.98
2023-02-05,La Liga,Mallorca,Real Madrid,Home,W,1.0,0.0,0.2,1.7,27.0,05/02/2023,2.26,1.7,5.22,3.7,1.78
2023-02-11,La Liga,Mallorca,Sevilla,Away,L,0.0,2.0,0.3,2.1,36.0,11/02/2023,2.88,1.46,4.88,3.17,1.99
2023-02-18,La Liga,Mallorca,Villarreal,Home,W,4.0,2.0,2.2,1.2,45.0,18/02/2023,2.78,1.49,3.53,2.95,2.5
2023-02-25,La Liga,Mallorca,Espanyol,Away,L,1.0,2.0,0.7,1.4,60.0,25/02/2023,2.92,1.44,3.28,2.97,2.63
2023-03-04,La Liga,Mallorca,Elche,Home,L,0.0,1.0,0.9,0.9,56.0,04/03/2023,2.73,1.5,1.71,3.43,6.49
2023-03-12,La Liga,Mallorca,Real Sociedad,Home,D,1.0,1.0,1.4,0.5,38.0,12/03/2023,2.99,1.42,3.68,2.92,2.42
2023-03-19,La Liga,Mallorca,Betis,Away,L,0.0,1.0,0.2,0.8,40.0,19/03/2023,2.59,1.54,5.05,3.31,1.89
2023-03-31,La Liga,Mallorca,Osasuna,Home,D,0.0,0.0,0.5,0.5,42.0,31/03/2023,3.21,1.38,2.26,2.87,4.21
2023-04-09,La Liga,Mallorca,Valladolid,Away,D,3.0,3.0,1.8,1.2,38.0,09/04/2023,3.01,1.41,3.36,2.83,2.66
2023-04-17,La Liga,Mallorca,Celta Vigo,Away,W,1.0,0.0,1.0,0.8,28.0,17/04/2023,2.67,1.52,5.5,3.36,1.82
2023-04-23,La Liga,Mallorca,Getafe,Home,W,3.0,1.0,1.5,0.1,49.0,23/04/2023,3.37,1.35,2.41,2.8,3.92
2023-04-26,La Liga,Mallorca,Atlético Madrid,Away,L,1.0,3.0,0.9,2.7,32.0,26/04/2023,2.36,1.64,9.97,4.3,1.43
2023-05-01,La Liga,Mallorca,Athletic Club,Home,D,1.0,1.0,0.9,1.7,30.0,01/05/2023,2.9,1.44,3.66,3.05,2.34
2023-05-04,La Liga,Mallorca,Girona,Away,L,1.0,2.0,1.4,1.7,38.0,04/05/2023,2.57,1.55,3.95,3.26,2.14
2023-05-12,La Liga,Mallorca,Cádiz,Home,,,,,,,,,,,,
2023-05-20,La Liga,Mallorca,Almería,Away,,,,,,,,,,,,
2023-05-25,La Liga,Mallorca,Valencia,Home,,,,,,,,,,,,
2023-05-28,La Liga,Mallorca,Barcelona,Away,,,,,,,,,,,,
2023-06-04,La Liga,Mallorca,Rayo Vallecano,Home,,,,,,,,,,,,
2022-08-13,La Liga,Celta-Vigo,Espanyol,Home,D,2.0,2.0,0.4,1.1,60.0,13/08/2022,2.1,1.81,1.81,3.75,4.87
2022-08-20,La Liga,Celta-Vigo,Real Madrid,Home,L,1.0,4.0,1.4,3.7,51.0,20/08/2022,1.72,2.24,4.79,4.34,1.71
2022-08-26,La Liga,Celta-Vigo,Girona,Away,W,1.0,0.0,1.0,1.0,47.0,26/08/2022,2.26,1.71,2.87,3.15,2.81
2022-09-02,La Liga,Celta-Vigo,Cádiz,Home,W,3.0,0.0,0.7,0.3,58.0,02/09/2022,2.37,1.65,1.67,3.74,6.33
2022-09-10,La Liga,Celta-Vigo,Atlético Madrid,Away,L,1.0,4.0,1.7,0.7,54.0,10/09/2022,2.1,1.81,6.07,3.87,1.66
2022-09-17,La Liga,Celta-Vigo,Valencia,Away,L,0.0,3.0,0.5,1.7,35.0,17/09/2022,2.23,1.72,3.36,3.22,2.42
2022-10-02,La Liga,Celta-Vigo,Betis,Home,W,1.0,0.0,0.9,0.9,46.0,02/10/2022,2.03,1.88,2.51,3.49,2.96
2022-10-09,La Liga,Celta-Vigo,Barcelona,Away,L,0.0,1.0,1.5,2.0,43.0,09/10/2022,1.6,2.45,11.48,5.99,1.29
2022-10-16,La Liga,Celta-Vigo,Real Sociedad,Home,L,1.0,2.0,0.5,0.8,53.0,16/10/2022,2.29,1.69,2.65,3.25,2.97
2022-10-19,La Liga,Celta-Vigo,Valladolid,Away,L,1.0,4.0,2.6,1.5,62.0,19/10/2022,2.23,1.72,2.56,3.35,3.01
2022-10-24,La Liga,Celta-Vigo,Getafe,Home,D,1.0,1.0,0.7,0.2,71.0,24/10/2022,2.39,1.64,1.79,3.54,5.42
2022-10-29,La Liga,Celta-Vigo,Almería,Away,L,1.0,3.0,0.3,2.3,39.0,29/10/2022,2.07,1.85,2.28,3.44,3.4
2022-11-05,La Liga,Celta-Vigo,Osasuna,Home,L,1.0,2.0,0.7,0.4,61.0,05/11/2022,2.31,1.68,2.19,3.36,3.73
2022-11-10,La Liga,Celta-Vigo,Rayo Vallecano,Away,D,0.0,0.0,0.9,0.4,41.0,10/11/2022,2.23,1.72,3.76,3.34,2.19
2022-11-13,Copa del Rey,Celta-Vigo,CD Algar,Away,W,6.0,1.0,,,79.0,,,,,,
2022-12-22,Copa del Rey,Celta-Vigo,Gernika Club,Away,W,3.0,0.0,,,66.0,,,,,,
2022-12-30,La Liga,Celta-Vigo,Sevilla,Home,D,1.0,1.0,2.0,0.7,44.0,30/12/2022,2.22,1.73,2.24,3.43,3.52
2023-01-03,Copa del Rey,Celta-Vigo,Espanyol,Away,L,1.0,3.0,,,53.0,18/03/2023,2.34,1.65,2.64,3.24,2.94
2023-01-06,La Liga,Celta-Vigo,Elche,Away,W,1.0,0.0,2.0,1.0,43.0,06/01/2023,2.45,1.61,2.06,3.31,4.26
2023-01-13,La Liga,Celta-Vigo,Villarreal,Home,D,1.0,1.0,2.1,0.1,51.0,13/01/2023,2.16,1.76,2.86,3.37,2.67
2023-01-20,La Liga,Celta-Vigo,Mallorca,Away,L,0.0,1.0,0.5,0.5,58.0,20/01/2023,3.34,1.36,3.15,2.79,2.89
2023-01-29,La Liga,Celta-Vigo,Athletic Club,Home,W,1.0,0.0,0.7,0.4,49.0,29/01/2023,2.53,1.57,2.94,3.09,2.8
2023-02-04,La Liga,Celta-Vigo,Betis,Away,W,4.0,3.0,1.9,3.4,45.0,04/02/2023,2.56,1.56,3.85,3.18,2.23
2023-02-12,La Liga,Celta-Vigo,Atlético Madrid,Home,L,0.0,1.0,1.1,1.0,47.0,12/02/2023,2.43,1.62,3.78,3.25,2.22
2023-02-18,La Liga,Celta-Vigo,Real Sociedad,Away,D,1.0,1.0,1.4,1.4,46.0,18/02/2023,2.45,1.61,5.39,3.5,1.81
2023-02-26,La Liga,Celta-Vigo,Valladolid,Home,W,3.0,0.0,1.8,0.5,52.0,26/02/2023,2.21,1.74,1.69,3.83,5.85
2023-03-06,La Liga,Celta-Vigo,Osasuna,Away,D,0.0,0.0,1.1,0.8,36.0,06/03/2023,2.53,1.57,2.86,3.07,2.85
2023-03-11,La Liga,Celta-Vigo,Rayo Vallecano,Home,W,3.0,0.0,2.4,1.1,43.0,11/03/2023,2.47,1.59,2.13,3.2,4.05
2023-03-18,La Liga,Celta-Vigo,Espanyol,Away,W,3.0,1.0,1.6,1.2,43.0,18/03/2023,2.34,1.65,2.64,3.24,2.94
2023-04-02,La Liga,Celta-Vigo,Almería,Home,D,2.0,2.0,2.0,1.0,57.0,02/04/2023,1.9,1.99,1.58,4.22,6.21
2023-04-07,La Liga,Celta-Vigo,Sevilla,Away,D,2.0,2.0,0.6,0.4,69.0,07/04/2023,2.2,1.74,3.58,3.41,2.22
2023-04-17,La Liga,Celta-Vigo,Mallorca,Home,L,0.0,1.0,0.8,1.0,72.0,17/04/2023,2.67,1.52,1.82,3.36,5.5
2023-04-22,La Liga,Celta-Vigo,Real Madrid,Away,L,0.0,2.0,0.9,1.5,34.0,22/04/2023,1.58,2.48,8.07,5.42,1.38
2023-04-26,La Liga,Celta-Vigo,Elche,Home,W,1.0,0.0,1.3,1.1,49.0,26/04/2023,1.79,2.11,1.33,5.33,10.76
2023-04-30,La Liga,Celta-Vigo,Villarreal,Away,L,1.0,3.0,0.9,2.4,49.0,30/04/2023,1.89,2.0,4.34,3.93,1.83
2023-05-03,La Liga,Celta-Vigo,Getafe,Away,L,0.0,1.0,0.3,2.7,65.0,03/05/2023,2.62,1.53,3.21,3.03,2.59
2023-05-14,La Liga,Celta-Vigo,Valencia,Home,,,,,,,,,,,,
2023-05-20,La Liga,Celta-Vigo,Athletic Club,Away,,,,,,,,,,,,
2023-05-23,La Liga,Celta-Vigo,Girona,Home,,,,,,,,,,,,
2023-05-28,La Liga,Celta-Vigo,Cádiz,Away,,,,,,,,,,,,
2023-06-04,La Liga,Celta-Vigo,Barcelona,Home,,,,,,,,,,,,
2022-08-14,La Liga,Almeria,Real Madrid,Home,L,1.0,2.0,0.7,2.1,33.0,14/08/2022,1.64,2.38,7.38,5.0,1.45
2022-08-22,La Liga,Almeria,Elche,Away,D,1.0,1.0,0.7,1.0,46.0,22/08/2022,2.26,1.7,3.08,3.2,2.6
2022-08-27,La Liga,Almeria,Sevilla,Home,W,2.0,1.0,2.3,1.0,33.0,27/08/2022,2.29,1.69,3.72,3.29,2.23
2022-09-05,La Liga,Almeria,Valladolid,Away,L,0.0,1.0,0.5,1.2,49.0,05/09/2022,2.13,1.79,3.31,3.32,2.38
2022-09-12,La Liga,Almeria,Osasuna,Home,L,0.0,1.0,0.2,2.0,61.0,12/09/2022,2.3,1.68,2.76,3.24,2.85
2022-09-17,La Liga,Almeria,Mallorca,Away,L,0.0,1.0,0.4,0.6,56.0,17/09/2022,2.32,1.67,4.3,3.33,2.04
2022-09-30,La Liga,Almeria,Athletic Club,Away,L,0.0,4.0,0.7,2.1,42.0,30/09/2022,1.77,2.16,9.35,5.0,1.39
2022-10-08,La Liga,Almeria,Rayo Vallecano,Home,W,3.0,1.0,1.2,0.8,37.0,08/10/2022,2.26,1.7,3.12,3.23,2.55
2022-10-16,La Liga,Almeria,Betis,Away,L,1.0,3.0,0.8,2.5,46.0,16/10/2022,1.87,2.04,6.09,4.35,1.58
2022-10-20,La Liga,Almeria,Girona,Home,W,3.0,2.0,1.8,2.8,35.0,20/10/2022,2.16,1.77,2.69,3.32,2.87
2022-10-23,La Liga,Almeria,Villarreal,Away,L,1.0,2.0,1.0,1.0,48.0,23/10/2022,1.7,2.26,9.27,5.29,1.37
2022-10-29,La Liga,Almeria,Celta Vigo,Home,W,3.0,1.0,2.3,0.3,61.0,29/10/2022,2.07,1.85,3.4,3.44,2.28
2022-11-05,La Liga,Almeria,Barcelona,Away,L,0.0,2.0,0.5,4.0,30.0,05/11/2022,1.31,3.38,29.47,11.76,1.1
2022-11-09,La Liga,Almeria,Getafe,Home,W,1.0,0.0,0.5,0.4,54.0,09/11/2022,2.45,1.61,2.27,3.2,3.72
2022-11-13,Copa del Rey,Almeria,CD Arenteiro,Away,L,0.0,2.0,,,62.0,,,,,,
2022-12-30,La Liga,Almeria,Cádiz,Away,D,1.0,1.0,2.3,1.3,51.0,30/12/2022,2.28,1.69,3.39,3.23,2.39
2023-01-08,La Liga,Almeria,Real Sociedad,Home,L,0.0,2.0,0.6,1.7,44.0,08/01/2023,2.1,1.81,4.35,3.37,2.01
2023-01-15,La Liga,Almeria,Atlético Madrid,Home,D,1.0,1.0,1.4,2.4,55.0,15/01/2023,1.97,1.93,5.1,3.94,1.74
2023-01-23,La Liga,Almeria,Valencia,Away,D,2.0,2.0,1.4,1.9,43.0,23/01/2023,1.84,2.06,5.51,4.25,1.65
2023-01-27,La Liga,Almeria,Espanyol,Home,W,3.0,1.0,2.1,0.8,56.0,27/01/2023,2.19,1.75,2.44,3.22,3.32
2023-02-06,La Liga,Almeria,Rayo Vallecano,Away,L,0.0,2.0,1.2,1.1,51.0,06/02/2023,2.08,1.84,5.19,3.8,1.76
2023-02-11,La Liga,Almeria,Betis,Home,L,2.0,3.0,2.3,2.5,52.0,11/02/2023,2.09,1.81,3.04,3.38,2.52
2023-02-17,La Liga,Almeria,Girona,Away,L,2.0,6.0,1.8,3.0,48.0,17/02/2023,1.99,1.91,4.61,3.71,1.86
2023-02-26,La Liga,Almeria,Barcelona,Home,W,1.0,0.0,1.0,1.4,28.0,26/02/2023,1.61,2.44,7.08,5.02,1.46
2023-03-04,La Liga,Almeria,Villarreal,Home,L,0.0,2.0,0.4,2.1,29.0,04/03/2023,1.77,2.14,3.56,3.71,2.09
2023-03-12,La Liga,Almeria,Sevilla,Away,L,1.0,2.0,1.1,3.0,44.0,12/03/2023,1.93,1.96,5.09,3.73,1.77
2023-03-18,La Liga,Almeria,Cádiz,Home,D,1.0,1.0,2.4,1.4,66.0,18/03/2023,2.12,1.78,2.1,3.43,3.85
2023-04-02,La Liga,Almeria,Celta Vigo,Away,D,2.0,2.0,1.0,2.0,43.0,02/04/2023,1.9,1.99,6.21,4.22,1.58
2023-04-09,La Liga,Almeria,Valencia,Home,W,2.0,1.0,0.9,1.3,40.0,09/04/2023,2.08,1.81,3.13,3.38,2.43
2023-04-16,La Liga,Almeria,Atlético Madrid,Away,L,1.0,2.0,0.2,2.3,36.0,16/04/2023,1.6,2.43,14.07,6.46,1.23
2023-04-22,La Liga,Almeria,Athletic Club,Home,L,1.0,2.0,0.8,1.7,53.0,22/04/2023,1.91,1.98,4.16,3.78,1.91
2023-04-26,La Liga,Almeria,Getafe,Away,W,2.0,1.0,1.9,1.6,54.0,26/04/2023,2.28,1.68,4.53,3.53,1.9
2023-04-29,La Liga,Almeria,Real Madrid,Away,L,2.0,4.0,1.3,2.8,32.0,29/04/2023,1.36,3.24,14.49,8.84,1.17
2023-05-02,La Liga,Almeria,Elche,Home,W,2.0,1.0,1.7,1.0,46.0,02/05/2023,1.57,2.55,1.63,4.37,5.42
2023-05-13,La Liga,Almeria,Osasuna,Away,,,,,,,,,,,,
2023-05-20,La Liga,Almeria,Mallorca,Home,,,,,,,,,,,,
2023-05-23,La Liga,Almeria,Real Sociedad,Away,,,,,,,,,,,,
2023-05-28,La Liga,Almeria,Valladolid,Home,,,,,,,,,,,,
2023-06-04,La Liga,Almeria,Espanyol,Away,,,,,,,,,,,,
2022-08-14,La Liga,Cadiz,Real Sociedad,Home,L,0.0,1.0,0.2,1.5,41.0,14/08/2022,2.5,1.59,3.62,3.29,2.26
2022-08-20,La Liga,Cadiz,Osasuna,Away,L,0.0,2.0,1.0,2.7,45.0,20/08/2022,2.5,1.59,4.76,3.27,1.97
2022-08-29,La Liga,Cadiz,Athletic Club,Home,L,0.0,4.0,0.4,2.4,38.0,29/08/2022,2.57,1.56,3.99,3.15,2.2
2022-09-02,La Liga,Cadiz,Celta Vigo,Away,L,0.0,3.0,0.3,0.7,42.0,02/09/2022,2.37,1.65,6.33,3.74,1.67
2022-09-10,La Liga,Cadiz,Barcelona,Home,L,0.0,4.0,0.4,3.4,30.0,10/09/2022,1.63,2.39,14.0,6.18,1.25
2022-09-16,La Liga,Cadiz,Valladolid,Away,W,1.0,0.0,0.3,1.5,43.0,16/09/2022,2.47,1.6,4.42,3.24,2.05
2022-10-01,La Liga,Cadiz,Villarreal,Home,D,0.0,0.0,0.7,1.6,40.0,01/10/2022,2.01,1.89,5.82,4.1,1.64
2022-10-09,La Liga,Cadiz,Espanyol,Home,D,2.0,2.0,1.3,1.3,54.0,09/10/2022,2.47,1.6,3.02,3.12,2.7
2022-10-15,La Liga,Cadiz,Girona,Away,D,1.0,1.0,1.1,2.3,35.0,15/10/2022,2.54,1.57,4.9,3.22,1.97
2022-10-19,La Liga,Cadiz,Betis,Home,D,0.0,0.0,0.9,0.9,41.0,19/10/2022,2.34,1.66,3.84,3.33,2.16
2022-10-22,La Liga,Cadiz,Rayo Vallecano,Away,L,1.0,5.0,0.2,3.7,38.0,22/10/2022,2.29,1.69,5.52,3.64,1.76
2022-10-29,La Liga,Cadiz,Atlético Madrid,Home,W,3.0,2.0,1.1,1.3,41.0,29/10/2022,2.34,1.66,7.07,3.8,1.61
2022-11-05,La Liga,Cadiz,Getafe,Away,D,0.0,0.0,1.4,0.6,47.0,05/11/2022,2.83,1.48,3.94,3.1,2.24
2022-11-10,La Liga,Cadiz,Real Madrid,Away,L,1.0,2.0,0.9,2.0,34.0,10/11/2022,1.45,2.86,22.56,9.0,1.15
2022-11-13,Copa del Rey,Cadiz,Real Unión,Away,L,2.0,3.0,,,60.0,,,,,,
2022-12-30,La Liga,Cadiz,Almería,Home,D,1.0,1.0,1.3,2.3,49.0,30/12/2022,2.28,1.69,2.39,3.23,3.39
2023-01-06,La Liga,Cadiz,Valencia,Away,W,1.0,0.0,0.4,0.4,27.0,06/01/2023,1.93,1.97,6.2,4.15,1.61
2023-01-16,La Liga,Cadiz,Elche,Home,D,1.0,1.0,1.6,0.6,50.0,16/01/2023,2.32,1.68,1.97,3.43,4.44
2023-01-21,La Liga,Cadiz,Sevilla,Away,L,0.0,1.0,0.1,1.7,25.0,21/01/2023,2.21,1.74,5.65,3.78,1.71
2023-01-28,La Liga,Cadiz,Mallorca,Home,W,2.0,0.0,1.9,0.4,43.0,28/01/2023,3.23,1.38,2.98,2.82,3.02
2023-02-03,La Liga,Cadiz,Athletic Club,Away,L,1.0,4.0,1.6,1.7,58.0,03/02/2023,2.1,1.81,10.29,4.75,1.39
2023-02-10,La Liga,Cadiz,Girona,Home,W,2.0,0.0,0.7,0.2,43.0,10/02/2023,2.41,1.63,3.19,3.2,2.53
2023-02-19,La Liga,Cadiz,Barcelona,Away,L,0.0,2.0,1.0,2.2,36.0,19/02/2023,1.56,2.56,14.53,7.16,1.22
2023-02-25,La Liga,Cadiz,Rayo Vallecano,Home,W,1.0,0.0,0.8,0.6,42.0,25/02/2023,2.77,1.5,3.09,2.98,2.76
2023-03-03,La Liga,Cadiz,Real Sociedad,Away,D,0.0,0.0,0.6,1.2,29.0,03/03/2023,2.44,1.62,7.79,3.98,1.55
2023-03-10,La Liga,Cadiz,Getafe,Home,D,2.0,2.0,1.7,2.7,51.0,10/03/2023,3.22,1.38,2.57,2.87,3.51
2023-03-18,La Liga,Cadiz,Almería,Away,D,1.0,1.0,1.4,2.4,34.0,18/03/2023,2.12,1.78,3.85,3.43,2.1
2023-04-01,La Liga,Cadiz,Sevilla,Home,L,0.0,2.0,1.1,1.1,51.0,01/04/2023,2.43,1.61,3.4,3.14,2.41
2023-04-09,La Liga,Cadiz,Betis,Away,W,2.0,0.0,2.9,1.2,53.0,09/04/2023,2.19,1.74,5.96,3.76,1.68
2023-04-15,La Liga,Cadiz,Real Madrid,Home,L,0.0,2.0,0.7,3.5,31.0,15/04/2023,1.81,2.09,5.79,4.3,1.6
2023-04-21,La Liga,Cadiz,Espanyol,Away,D,0.0,0.0,1.4,1.3,44.0,21/04/2023,2.42,1.63,4.0,3.37,2.1
2023-04-25,La Liga,Cadiz,Osasuna,Home,L,0.0,1.0,1.4,1.0,56.0,25/04/2023,2.5,1.59,2.4,3.22,3.39
2023-04-30,La Liga,Cadiz,Valencia,Home,W,2.0,1.0,1.8,1.3,39.0,30/04/2023,2.35,1.65,3.04,3.25,2.56
2023-05-03,La Liga,Cadiz,Atlético Madrid,Away,L,1.0,5.0,0.0,3.0,39.0,03/05/2023,1.78,2.12,12.9,5.86,1.28
2023-05-12,La Liga,Cadiz,Mallorca,Away,,,,,,,,,,,,
2023-05-19,La Liga,Cadiz,Valladolid,Home,,,,,,,,,,,,
2023-05-24,La Liga,Cadiz,Villarreal,Away,,,,,,,,,,,,
2023-05-28,La Liga,Cadiz,Celta Vigo,Home,,,,,,,,,,,,
2023-06-04,La Liga,Cadiz,Elche,Away,,,,,,,,,,,,
2022-08-13,La Liga,Valladolid,Villarreal,Home,L,0.0,3.0,1.0,1.5,51.0,13/08/2022,2.0,1.91,4.05,3.78,1.95
2022-08-19,La Liga,Valladolid,Sevilla,Away,D,1.0,1.0,0.5,2.0,39.0,19/08/2022,2.01,1.9,6.92,4.21,1.56
2022-08-28,La Liga,Valladolid,Barcelona,Away,L,0.0,4.0,0.8,2.6,33.0,28/08/2022,1.38,3.16,17.21,8.8,1.17
2022-09-05,La Liga,Valladolid,Almería,Home,W,1.0,0.0,1.2,0.5,51.0,05/09/2022,2.13,1.79,2.38,3.32,3.31
2022-09-09,La Liga,Valladolid,Girona,Away,L,1.0,2.0,0.6,1.7,55.0,09/09/2022,2.24,1.72,3.61,3.23,2.3
2022-09-16,La Liga,Valladolid,Cádiz,Home,L,0.0,1.0,1.5,0.3,57.0,16/09/2022,2.47,1.6,2.05,3.24,4.42
2022-10-01,La Liga,Valladolid,Getafe,Away,W,3.0,2.0,1.6,2.8,56.0,01/10/2022,2.5,1.59,3.62,3.1,2.36
2022-10-09,La Liga,Valladolid,Betis,Home,D,0.0,0.0,0.6,0.5,58.0,09/10/2022,2.01,1.9,2.99,3.46,2.51
2022-10-16,La Liga,Valladolid,Espanyol,Away,L,0.0,1.0,0.7,1.3,51.0,16/10/2022,2.12,1.79,3.57,3.36,2.25
2022-10-19,La Liga,Valladolid,Celta Vigo,Home,W,4.0,1.0,1.5,2.6,38.0,19/10/2022,2.23,1.72,3.01,3.35,2.56
2022-10-22,La Liga,Valladolid,Real Sociedad,Home,W,1.0,0.0,0.8,0.9,26.0,22/10/2022,2.15,1.78,3.76,3.46,2.14
2022-10-30,La Liga,Valladolid,Osasuna,Away,L,0.0,2.0,0.5,2.5,52.0,30/10/2022,2.23,1.72,4.55,3.49,1.93
2022-11-05,La Liga,Valladolid,Elche,Home,W,2.0,1.0,1.9,0.2,51.0,05/11/2022,1.99,1.92,1.83,3.85,4.62
2022-11-08,La Liga,Valladolid,Athletic Club,Away,L,0.0,3.0,0.5,2.1,57.0,08/11/2022,1.75,2.19,8.39,4.71,1.44
2022-11-12,Copa del Rey,Valladolid,UD Barbadás,Away,W,2.0,0.0,,,,,,,,,
2022-12-21,Copa del Rey,Valladolid,Arenas Club de Getxo,Away,W,5.0,1.0,,,63.0,,,,,,
2022-12-30,La Liga,Valladolid,Real Madrid,Home,L,0.0,2.0,0.6,2.3,39.0,30/12/2022,1.61,2.45,6.56,4.71,1.51
2023-01-04,Copa del Rey,Valladolid,Alavés,Away,L,0.0,1.0,,,50.0,,,,,,
2023-01-07,La Liga,Valladolid,Mallorca,Away,L,0.0,1.0,0.6,1.2,58.0,07/01/2023,2.44,1.62,4.45,3.39,1.99
2023-01-14,La Liga,Valladolid,Rayo Vallecano,Home,L,0.0,1.0,0.6,1.1,45.0,14/01/2023,2.23,1.72,2.86,3.3,2.72
2023-01-21,La Liga,Valladolid,Atlético Madrid,Away,L,0.0,3.0,0.5,3.3,53.0,21/01/2023,1.93,1.98,9.39,4.87,1.4
2023-01-29,La Liga,Valladolid,Valencia,Home,W,1.0,0.0,1.5,1.2,52.0,29/01/2023,2.15,1.78,3.24,3.28,2.45
2023-02-05,La Liga,Valladolid,Real Sociedad,Away,W,1.0,0.0,0.7,1.2,45.0,05/02/2023,2.11,1.81,8.9,4.45,1.45
2023-02-12,La Liga,Valladolid,Osasuna,Home,D,0.0,0.0,1.6,0.7,51.0,12/02/2023,2.56,1.56,2.86,3.09,2.87
2023-02-18,La Liga,Valladolid,Betis,Away,L,1.0,2.0,1.0,2.4,53.0,18/02/2023,2.05,1.86,5.98,3.91,1.66
2023-02-26,La Liga,Valladolid,Celta Vigo,Away,L,0.0,3.0,0.5,1.8,48.0,26/02/2023,2.21,1.74,5.85,3.83,1.69
2023-03-05,La Liga,Valladolid,Espanyol,Home,W,2.0,1.0,1.4,1.2,45.0,05/03/2023,2.31,1.67,2.59,3.24,3.0
2023-03-11,La Liga,Valladolid,Elche,Away,D,1.0,1.0,0.2,2.0,44.0,11/03/2023,2.15,1.76,2.77,3.35,2.72
2023-03-17,La Liga,Valladolid,Athletic Club,Home,L,1.0,3.0,1.1,2.6,48.0,17/03/2023,1.97,1.93,4.46,3.76,1.87
2023-04-02,La Liga,Valladolid,Real Madrid,Away,L,0.0,6.0,0.8,4.5,40.0,02/04/2023,1.43,2.9,13.47,7.44,1.21
2023-04-09,La Liga,Valladolid,Mallorca,Home,D,3.0,3.0,1.2,1.8,62.0,09/04/2023,3.01,1.41,2.66,2.83,3.36
2023-04-15,La Liga,Valladolid,Villarreal,Away,W,2.0,1.0,2.2,2.0,30.0,15/04/2023,1.65,2.35,7.39,4.96,1.44
2023-04-22,La Liga,Valladolid,Girona,Home,W,1.0,0.0,1.1,1.0,38.0,22/04/2023,1.94,1.94,2.49,3.52,2.93
2023-04-27,La Liga,Valladolid,Valencia,Away,L,1.0,2.0,0.9,0.9,51.0,27/04/2023,1.94,1.94,5.03,3.85,1.75
2023-04-30,La Liga,Valladolid,Atlético Madrid,Home,L,2.0,5.0,1.8,2.0,57.0,30/04/2023,1.87,2.02,5.41,4.12,1.66
2023-05-04,La Liga,Valladolid,Rayo Vallecano,Away,L,1.0,2.0,0.6,1.4,48.0,04/05/2023,1.99,1.89,4.73,3.74,1.81
2023-05-14,La Liga,Valladolid,Sevilla,Home,,,,,,,,,,,,
2023-05-19,La Liga,Valladolid,Cádiz,Away,,,,,,,,,,,,
2023-05-23,La Liga,Valladolid,Barcelona,Home,,,,,,,,,,,,
2023-05-28,La Liga,Valladolid,Almería,Away,,,,,,,,,,,,
2023-06-04,La Liga,Valladolid,Getafe,Home,,,,,,,,,,,,
2022-08-14,La Liga,Valencia,Girona,Home,W,1,0,1.6,0.1,46.0,14/08/2022,2.17,1.76,1.94,3.42,4.65
2022-08-21,La Liga,Valencia,Athletic Club,Away,L,0,1,0.7,1.0,62.0,21/08/2022,2.14,1.78,5.2,3.59,1.81
2022-08-29,La Liga,Valencia,Atlético Madrid,Home,L,0,1,0.5,1.5,69.0,29/08/2022,2.31,1.68,4.13,3.37,2.06
2022-09-04,La Liga,Valencia,Getafe,Home,W,5,1,2.3,0.2,69.0,04/09/2022,2.77,1.5,2.01,3.12,4.85
2022-09-10,La Liga,Valencia,Rayo Vallecano,Away,L,1,2,1.7,1.7,54.0,10/09/2022,2.17,1.76,3.0,3.16,2.69
2022-09-17,La Liga,Valencia,Celta Vigo,Home,W,3,0,1.7,0.5,65.0,17/09/2022,2.23,1.72,2.42,3.22,3.36
2022-10-02,La Liga,Valencia,Espanyol,Away,D,2,2,1.1,0.8,62.0,02/10/2022,2.09,1.82,2.77,3.29,2.8
2022-10-07,La Liga,Valencia,Osasuna,Away,W,2,1,2.1,1.6,56.0,07/10/2022,2.25,1.71,3.22,3.27,2.46
2022-10-15,La Liga,Valencia,Elche,Home,D,2,2,2.7,1.7,60.0,15/10/2022,1.77,2.15,1.42,4.98,8.4
2022-10-18,La Liga,Valencia,Sevilla,Away,D,1,1,1.8,1.1,36.0,18/10/2022,2.03,1.88,3.3,3.43,2.34
2022-10-22,La Liga,Valencia,Mallorca,Home,L,1,2,1.2,1.5,67.0,22/10/2022,2.25,1.71,1.77,3.68,5.36
2022-10-29,La Liga,Valencia,Barcelona,Home,L,0,1,0.2,1.6,33.0,29/10/2022,1.61,2.44,5.55,4.48,1.61
2022-11-06,La Liga,Valencia,Real Sociedad,Away,D,1,1,0.9,1.1,71.0,06/11/2022,2.21,1.74,4.4,3.45,1.98
2022-11-10,La Liga,Valencia,Betis,Home,W,3,0,2.0,0.2,62.0,10/11/2022,2.16,1.77,2.2,3.4,3.65
2022-12-31,La Liga,Valencia,Villarreal,Away,L,1,2,1.4,2.5,48.0,31/12/2022,1.95,1.95,4.29,3.4,2.02
2023-01-03,Copa del Rey,Valencia,CF La Nucía,Away,W,3,0,,,58.0,,,,,,
2023-01-06,La Liga,Valencia,Cádiz,Home,L,0,1,0.4,0.4,73.0,06/01/2023,1.93,1.97,1.61,4.15,6.2
2023-01-11,Supercopa de España,Valencia,Real Madrid,Away,D,1 (3),1 (4),,,42.0,02/02/2023,1.64,2.38,7.39,5.17,1.43
2023-01-18,Copa del Rey,Valencia,Sporting Gijón,Away,W,4,0,,,55.0,,,,,,
2023-01-23,La Liga,Valencia,Almería,Home,D,2,2,1.9,1.4,57.0,23/01/2023,1.84,2.06,1.65,4.25,5.51
2023-01-26,Copa del Rey,Valencia,Athletic Club,Home,L,1,3,,,53.0,11/02/2023,2.29,1.69,3.13,3.28,2.51
2023-01-29,La Liga,Valencia,Valladolid,Away,L,0,1,1.2,1.5,48.0,29/01/2023,2.15,1.78,2.45,3.28,3.24
2023-02-02,La Liga,Valencia,Real Madrid,Away,L,0,2,0.2,2.3,30.0,02/02/2023,1.64,2.38,7.39,5.17,1.43
2023-02-05,La Liga,Valencia,Girona,Away,L,0,1,1.0,2.3,49.0,05/02/2023,2.04,1.87,3.47,3.39,2.28
2023-02-11,La Liga,Valencia,Athletic Club,Home,L,1,2,1.6,1.5,49.0,11/02/2023,2.29,1.69,3.13,3.28,2.51
2023-02-20,La Liga,Valencia,Getafe,Away,L,0,1,1.0,1.8,54.0,20/02/2023,2.86,1.46,2.96,2.94,2.91
2023-02-25,La Liga,Valencia,Real Sociedad,Home,W,1,0,0.5,0.7,38.0,25/02/2023,2.42,1.63,3.25,3.26,2.45
2023-03-05,La Liga,Valencia,Barcelona,Away,L,0,1,1.0,1.8,47.0,05/03/2023,1.86,2.03,6.57,4.42,1.53
2023-03-11,La Liga,Valencia,Osasuna,Home,W,1,0,1.7,0.3,55.0,11/03/2023,2.52,1.57,2.12,3.24,4.04
2023-03-18,La Liga,Valencia,Atlético Madrid,Away,L,0,3,1.0,1.9,44.0,18/03/2023,2.19,1.74,7.06,4.05,1.56
2023-04-03,La Liga,Valencia,Rayo Vallecano,Home,D,1,1,2.3,0.8,61.0,03/04/2023,2.43,1.61,2.16,3.23,3.91
2023-04-09,La Liga,Valencia,Almería,Away,L,1,2,1.3,0.9,60.0,09/04/2023,2.08,1.81,2.43,3.38,3.13
2023-04-16,La Liga,Valencia,Sevilla,Home,L,0,2,0.4,0.4,60.0,16/04/2023,2.34,1.65,2.22,3.31,3.63
2023-04-23,La Liga,Valencia,Elche,Away,W,2,0,1.0,0.6,35.0,23/04/2023,2.26,1.69,1.89,3.58,4.53
2023-04-27,La Liga,Valencia,Valladolid,Home,W,2,1,0.9,0.9,49.0,27/04/2023,1.94,1.94,1.75,3.85,5.03
2023-04-30,La Liga,Valencia,Cádiz,Away,L,1,2,1.3,1.8,61.0,30/04/2023,2.35,1.65,2.56,3.25,3.04
2023-05-03,La Liga,Valencia,Villarreal,Home,D,1,1,1.2,0.7,33.0,03/05/2023,1.89,2.0,2.78,3.47,2.64
2023-05-14,La Liga,Valencia,Celta Vigo,Away,,,,,,,,,,,,
2023-05-21,La Liga,Valencia,Real Madrid,Home,,,,,,,,,,,,
2023-05-25,La Liga,Valencia,Mallorca,Away,,,,,,,,,,,,
2023-05-28,La Liga,Valencia,Espanyol,Home,,,,,,,,,,,,
2023-06-04,La Liga,Valencia,Betis,Away,,,,,,,,,,,,
2022-08-15,La Liga,Getafe,Atlético Madrid,Home,L,0.0,3.0,0.7,1.2,42.0,15/08/2022,2.8,1.49,4.99,3.14,1.98
2022-08-22,La Liga,Getafe,Girona,Away,L,1.0,3.0,0.6,1.1,34.0,22/08/2022,3.02,1.42,3.15,2.83,2.85
2022-08-28,La Liga,Getafe,Villarreal,Home,D,0.0,0.0,0.3,1.1,36.0,28/08/2022,2.41,1.63,4.64,3.43,1.93
2022-09-04,La Liga,Getafe,Valencia,Away,L,1.0,5.0,0.2,2.3,31.0,04/09/2022,2.77,1.5,4.85,3.12,2.01
2022-09-11,La Liga,Getafe,Real Sociedad,Home,W,2.0,1.0,1.1,1.2,34.0,11/09/2022,2.71,1.52,3.98,3.12,2.22
2022-09-18,La Liga,Getafe,Osasuna,Away,W,2.0,0.0,0.8,0.5,45.0,18/09/2022,2.68,1.53,5.45,3.25,1.88
2022-10-01,La Liga,Getafe,Valladolid,Home,L,2.0,3.0,2.8,1.6,44.0,01/10/2022,2.5,1.59,2.36,3.1,3.62
2022-10-08,La Liga,Getafe,Real Madrid,Home,L,0.0,1.0,0.3,1.4,35.0,08/10/2022,1.82,2.09,7.16,4.59,1.5
2022-10-14,La Liga,Getafe,Rayo Vallecano,Away,D,0.0,0.0,0.4,1.6,35.0,14/10/2022,2.65,1.53,4.39,3.16,2.09
2022-10-18,La Liga,Getafe,Athletic Club,Home,D,2.0,2.0,0.8,1.0,41.0,18/10/2022,2.42,1.63,4.72,3.39,1.93
2022-10-24,La Liga,Getafe,Celta Vigo,Away,D,1.0,1.0,0.2,0.7,29.0,24/10/2022,2.39,1.64,5.42,3.54,1.79
2022-10-31,La Liga,Getafe,Elche,Away,W,1.0,0.0,0.4,1.3,41.0,31/10/2022,2.64,1.54,2.98,3.08,2.76
2022-11-05,La Liga,Getafe,Cádiz,Home,D,0.0,0.0,0.6,1.4,53.0,05/11/2022,2.83,1.48,2.24,3.1,3.94
2022-11-09,La Liga,Getafe,Almería,Away,L,0.0,1.0,0.4,0.5,46.0,09/11/2022,2.45,1.61,3.72,3.2,2.27
2022-11-13,Copa del Rey,Getafe,CD San Roque de Lepe,Away,W,3.0,2.0,,,59.0,,,,,,
2022-12-20,Copa del Rey,Getafe,CD Diocesano,Away,W,2.0,0.0,,,51.0,,,,,,
2022-12-30,La Liga,Getafe,Mallorca,Home,W,2.0,0.0,1.2,0.6,55.0,30/12/2022,3.31,1.37,2.91,2.78,3.15
2023-01-03,Copa del Rey,Getafe,Levante,Away,L,2.0,3.0,,,39.0,,,,,,
2023-01-08,La Liga,Getafe,Sevilla,Away,L,1.0,2.0,0.7,1.2,42.0,08/01/2023,2.55,1.57,5.58,3.49,1.79
2023-01-15,La Liga,Getafe,Espanyol,Home,L,1.0,2.0,0.5,0.8,62.0,15/01/2023,2.84,1.47,2.59,3.02,3.29
2023-01-22,La Liga,Getafe,Barcelona,Away,L,0.0,1.0,1.1,0.7,33.0,22/01/2023,1.65,2.34,17.95,7.62,1.19
2023-01-28,La Liga,Getafe,Betis,Home,L,0.0,1.0,0.3,1.7,39.0,28/01/2023,2.98,1.43,3.3,2.88,2.69
2023-02-04,La Liga,Getafe,Atlético Madrid,Away,D,1.0,1.0,1.2,0.7,38.0,04/02/2023,2.5,1.59,10.91,4.31,1.42
2023-02-12,La Liga,Getafe,Rayo Vallecano,Home,D,1.0,1.0,1.4,2.2,43.0,12/02/2023,3.1,1.41,2.96,2.85,3.01
2023-02-20,La Liga,Getafe,Valencia,Home,W,1.0,0.0,1.8,1.0,46.0,20/02/2023,2.86,1.46,2.91,2.94,2.96
2023-02-27,La Liga,Getafe,Villarreal,Away,L,1.0,2.0,0.6,1.5,36.0,27/02/2023,2.34,1.66,6.1,3.68,1.7
2023-03-04,La Liga,Getafe,Girona,Home,W,3.0,2.0,1.5,0.8,39.0,04/03/2023,2.68,1.52,2.84,2.95,2.97
2023-03-10,La Liga,Getafe,Cádiz,Away,D,2.0,2.0,2.7,1.7,49.0,10/03/2023,3.22,1.38,3.51,2.87,2.57
2023-03-19,La Liga,Getafe,Sevilla,Home,W,2.0,0.0,1.7,1.0,37.0,19/03/2023,2.66,1.52,3.04,3.07,2.69
2023-04-01,La Liga,Getafe,Athletic Club,Away,D,0.0,0.0,0.8,0.9,35.0,01/04/2023,2.51,1.57,6.74,3.7,1.63
2023-04-08,La Liga,Getafe,Real Sociedad,Away,L,0.0,2.0,0.3,2.1,40.0,08/04/2023,2.78,1.49,6.46,3.43,1.71
2023-04-16,La Liga,Getafe,Barcelona,Home,D,0.0,0.0,0.5,1.5,35.0,16/04/2023,2.26,1.69,6.37,3.9,1.62
2023-04-23,La Liga,Getafe,Mallorca,Away,L,1.0,3.0,0.1,1.5,51.0,23/04/2023,3.37,1.35,3.92,2.8,2.41
2023-04-26,La Liga,Getafe,Almería,Home,L,1.0,2.0,1.6,1.9,46.0,26/04/2023,2.28,1.68,1.9,3.53,4.53
2023-04-30,La Liga,Getafe,Espanyol,Away,L,0.0,1.0,0.5,2.4,44.0,30/04/2023,2.75,1.49,3.48,3.03,2.44
2023-05-03,La Liga,Getafe,Celta Vigo,Home,W,1.0,0.0,2.7,0.3,35.0,03/05/2023,2.62,1.53,2.59,3.03,3.21
2023-05-13,La Liga,Getafe,Real Madrid,Away,,,,,,,,,,,,
2023-05-20,La Liga,Getafe,Elche,Home,,,,,,,,,,,,
2023-05-24,La Liga,Getafe,Betis,Away,,,,,,,,,,,,
2023-05-28,La Liga,Getafe,Osasuna,Home,,,,,,,,,,,,
2023-06-04,La Liga,Getafe,Valladolid,Away,,,,,,,,,,,,
2022-08-13,La Liga,Espanyol,Celta Vigo,Away,D,2.0,2.0,1.1,0.4,40.0,13/08/2022,2.1,1.81,4.87,3.75,1.81
2022-08-19,La Liga,Espanyol,Rayo Vallecano,Home,L,0.0,2.0,0.8,1.4,54.0,19/08/2022,2.47,1.6,2.56,3.04,3.3
2022-08-28,La Liga,Espanyol,Real Madrid,Home,L,1.0,3.0,1.3,2.1,36.0,28/08/2022,1.65,2.37,6.72,5.12,1.47
2022-09-04,La Liga,Espanyol,Athletic Club,Away,W,1.0,0.0,0.6,1.2,34.0,04/09/2022,2.11,1.8,6.75,4.07,1.58
2022-09-10,La Liga,Espanyol,Sevilla,Home,L,2.0,3.0,2.5,2.0,58.0,10/09/2022,2.23,1.72,3.0,3.27,2.61
2022-09-18,La Liga,Espanyol,Real Sociedad,Away,L,1.0,2.0,0.8,1.9,38.0,18/09/2022,2.03,1.88,5.11,3.87,1.76
2022-10-02,La Liga,Espanyol,Valencia,Home,D,2.0,2.0,0.8,1.1,38.0,02/10/2022,2.09,1.82,2.8,3.29,2.77
2022-10-09,La Liga,Espanyol,Cádiz,Away,D,2.0,2.0,1.3,1.3,46.0,09/10/2022,2.47,1.6,2.7,3.12,3.02
2022-10-16,La Liga,Espanyol,Valladolid,Home,W,1.0,0.0,1.3,0.7,49.0,16/10/2022,2.12,1.79,2.25,3.36,3.57
2022-10-20,La Liga,Espanyol,Osasuna,Away,L,0.0,1.0,1.0,1.0,36.0,20/10/2022,2.17,1.76,3.82,3.51,2.1
2022-10-23,La Liga,Espanyol,Elche,Home,D,2.0,2.0,2.2,0.5,41.0,23/10/2022,2.0,1.91,1.7,3.97,5.37
2022-10-28,La Liga,Espanyol,Mallorca,Away,D,1.0,1.0,0.3,1.4,48.0,28/10/2022,2.67,1.53,3.69,3.09,2.34
2022-11-06,La Liga,Espanyol,Atlético Madrid,Away,D,1.0,1.0,0.7,1.9,33.0,06/11/2022,2.08,1.84,8.64,4.49,1.45
2022-11-09,La Liga,Espanyol,Villarreal,Home,L,0.0,1.0,1.1,0.7,44.0,09/11/2022,2.15,1.77,3.17,3.36,2.44
2022-11-12,Copa del Rey,Espanyol,CD Rincón,Away,W,3.0,0.0,,,67.0,,,,,,
2022-12-20,Copa del Rey,Espanyol,Club Deportivo Atlético Paso,Away,W,1.0,0.0,,,64.0,,,,,,
2022-12-31,La Liga,Espanyol,Barcelona,Away,D,1.0,1.0,0.9,2.2,23.0,31/12/2022,1.43,2.94,11.89,6.57,1.26
2023-01-03,Copa del Rey,Espanyol,Celta Vigo,Home,W,3.0,1.0,,,47.0,18/03/2023,2.34,1.65,2.94,3.24,2.64
2023-01-07,La Liga,Espanyol,Girona,Home,D,2.0,2.0,1.5,1.2,44.0,07/01/2023,2.09,1.81,2.37,3.44,3.23
2023-01-15,La Liga,Espanyol,Getafe,Away,W,2.0,1.0,0.8,0.5,38.0,15/01/2023,2.84,1.47,3.29,3.02,2.59
2023-01-18,Copa del Rey,Espanyol,Athletic Club,Away,L,0.0,1.0,,,37.0,04/09/2022,2.11,1.8,6.75,4.07,1.58
2023-01-21,La Liga,Espanyol,Betis,Home,W,1.0,0.0,2.3,0.9,31.0,21/01/2023,2.26,1.7,2.87,3.16,2.8
2023-01-27,La Liga,Espanyol,Almería,Away,L,1.0,3.0,0.8,2.1,44.0,27/01/2023,2.19,1.75,3.32,3.22,2.44
2023-02-04,La Liga,Espanyol,Osasuna,Home,D,1.0,1.0,1.4,0.9,41.0,04/02/2023,2.61,1.55,2.69,3.07,3.08
2023-02-13,La Liga,Espanyol,Real Sociedad,Home,L,2.0,3.0,1.2,1.4,44.0,13/02/2023,2.53,1.58,3.66,3.12,2.33
2023-02-19,La Liga,Espanyol,Elche,Away,W,1.0,0.0,1.3,1.8,54.0,19/02/2023,2.33,1.67,2.69,3.19,2.97
2023-02-25,La Liga,Espanyol,Mallorca,Home,W,2.0,1.0,1.4,0.7,40.0,25/02/2023,2.92,1.44,2.63,2.97,3.28
2023-03-05,La Liga,Espanyol,Valladolid,Away,L,1.0,2.0,1.2,1.4,55.0,05/03/2023,2.31,1.67,3.0,3.24,2.59
2023-03-11,La Liga,Espanyol,Real Madrid,Away,L,1.0,3.0,1.2,1.7,29.0,11/03/2023,1.64,2.34,11.72,6.17,1.27
2023-03-18,La Liga,Espanyol,Celta Vigo,Home,L,1.0,3.0,1.2,1.6,57.0,18/03/2023,2.34,1.65,2.94,3.24,2.64
2023-04-01,La Liga,Espanyol,Girona,Away,L,1.0,2.0,1.0,1.6,38.0,01/04/2023,2.03,1.86,4.38,3.5,1.94
2023-04-08,La Liga,Espanyol,Athletic Club,Home,L,1.0,2.0,0.9,2.3,49.0,08/04/2023,2.39,1.63,3.59,3.24,2.27
2023-04-15,La Liga,Espanyol,Betis,Away,L,1.0,3.0,0.8,2.0,48.0,15/04/2023,2.19,1.74,4.74,3.6,1.85
2023-04-21,La Liga,Espanyol,Cádiz,Home,D,0.0,0.0,1.3,1.4,56.0,21/04/2023,2.42,1.63,2.1,3.37,4.0
2023-04-27,La Liga,Espanyol,Villarreal,Away,L,2.0,4.0,0.9,3.7,36.0,27/04/2023,1.87,2.02,6.01,4.17,1.6
2023-04-30,La Liga,Espanyol,Getafe,Home,W,1.0,0.0,2.4,0.5,56.0,30/04/2023,2.75,1.49,2.44,3.03,3.48
2023-05-04,La Liga,Espanyol,Sevilla,Away,L,2.0,3.0,1.0,2.6,37.0,04/05/2023,2.07,1.83,4.66,3.65,1.85
2023-05-14,La Liga,Espanyol,Barcelona,Home,,,,,,,,,,,,
2023-05-21,La Liga,Espanyol,Rayo Vallecano,Away,,,,,,,,,,,,
2023-05-24,La Liga,Espanyol,Atlético Madrid,Home,,,,,,,,,,,,
2023-05-28,La Liga,Espanyol,Valencia,Away,,,,,,,,,,,,
2023-06-04,La Liga,Espanyol,Almería,Home,,,,,,,,,,,,
2022-08-15,La Liga,Elche,Betis,Away,L,0.0,3.0,0.4,3.1,29.0,15/08/2022,1.81,2.1,7.71,4.74,1.46
2022-08-22,La Liga,Elche,Almería,Home,D,1.0,1.0,1.0,0.7,54.0,22/08/2022,2.26,1.7,2.6,3.2,3.08
2022-08-27,La Liga,Elche,Real Sociedad,Home,L,0.0,1.0,0.7,1.8,45.0,27/08/2022,2.37,1.65,3.82,3.21,2.23
2022-09-04,La Liga,Elche,Villarreal,Away,L,0.0,4.0,0.6,3.4,47.0,04/09/2022,1.74,2.2,9.9,5.17,1.37
2022-09-11,La Liga,Elche,Athletic Club,Home,L,1.0,4.0,0.9,2.7,47.0,11/09/2022,2.26,1.7,4.31,3.54,1.96
2022-09-17,La Liga,Elche,Barcelona,Away,L,0.0,3.0,0.0,3.9,24.0,17/09/2022,1.34,3.45,23.95,11.42,1.11
2022-10-03,La Liga,Elche,Rayo Vallecano,Away,L,1.0,2.0,1.1,0.9,30.0,03/10/2022,2.1,1.83,5.31,3.82,1.74
2022-10-10,La Liga,Elche,Mallorca,Home,D,1.0,1.0,0.5,2.3,42.0,10/10/2022,2.6,1.55,3.21,3.05,2.61
2022-10-15,La Liga,Elche,Valencia,Away,D,2.0,2.0,1.7,2.7,40.0,15/10/2022,1.77,2.15,8.4,4.98,1.42
2022-10-19,La Liga,Elche,Real Madrid,Home,L,0.0,3.0,0.8,1.5,38.0,19/10/2022,1.52,2.65,9.9,5.69,1.34
2022-10-23,La Liga,Elche,Espanyol,Away,D,2.0,2.0,0.5,2.2,59.0,23/10/2022,2.0,1.91,5.37,3.97,1.7
2022-10-31,La Liga,Elche,Getafe,Home,L,0.0,1.0,1.3,0.4,59.0,31/10/2022,2.64,1.54,2.76,3.08,2.98
2022-11-05,La Liga,Elche,Valladolid,Away,L,1.0,2.0,0.2,1.9,49.0,05/11/2022,1.99,1.92,4.62,3.85,1.83
2022-11-08,La Liga,Elche,Girona,Home,L,1.0,2.0,0.6,2.3,45.0,08/11/2022,2.22,1.73,3.42,3.35,2.32
2022-11-12,Copa del Rey,Elche,CD L'Alcora,Away,W,3.0,0.0,,,,,,,,,
2022-12-20,Copa del Rey,Elche,Guadalajara,Away,W,3.0,0.0,,,54.0,,,,,,
2022-12-29,La Liga,Elche,Atlético Madrid,Away,L,0.0,2.0,0.4,1.7,38.0,29/12/2022,1.69,2.29,11.76,5.88,1.3
2023-01-03,Copa del Rey,Elche,AD Ceuta,Away,L,0.0,1.0,,,,,,,,,
2023-01-06,La Liga,Elche,Celta Vigo,Home,L,0.0,1.0,1.0,2.0,57.0,06/01/2023,2.45,1.61,4.26,3.31,2.06
2023-01-16,La Liga,Elche,Cádiz,Away,D,1.0,1.0,0.6,1.6,50.0,16/01/2023,2.32,1.68,4.44,3.43,1.97
2023-01-22,La Liga,Elche,Osasuna,Home,D,1.0,1.0,1.2,0.5,44.0,22/01/2023,2.41,1.63,3.8,3.26,2.21
2023-01-28,La Liga,Elche,Sevilla,Away,L,0.0,3.0,0.4,3.2,20.0,28/01/2023,2.13,1.79,7.42,4.21,1.53
2023-02-04,La Liga,Elche,Villarreal,Home,W,3.0,1.0,3.0,1.4,28.0,04/02/2023,2.05,1.87,5.62,3.85,1.7
2023-02-15,La Liga,Elche,Real Madrid,Away,L,0.0,4.0,0.6,4.1,28.0,15/02/2023,1.53,2.61,15.54,7.35,1.2
2023-02-19,La Liga,Elche,Espanyol,Home,L,0.0,1.0,1.8,1.3,46.0,19/02/2023,2.33,1.67,2.97,3.19,2.69
2023-02-24,La Liga,Elche,Betis,Home,L,2.0,3.0,1.0,4.1,35.0,24/02/2023,2.22,1.73,3.8,3.4,2.15
2023-03-04,La Liga,Elche,Mallorca,Away,W,1.0,0.0,0.9,0.9,44.0,04/03/2023,2.73,1.5,6.49,3.43,1.71
2023-03-11,La Liga,Elche,Valladolid,Home,D,1.0,1.0,2.0,0.2,56.0,11/03/2023,2.15,1.76,2.72,3.35,2.77
2023-03-19,La Liga,Elche,Real Sociedad,Away,L,0.0,2.0,0.1,2.0,40.0,19/03/2023,2.02,1.87,9.19,4.67,1.41
2023-04-01,La Liga,Elche,Barcelona,Home,L,0.0,4.0,0.8,1.7,41.0,01/04/2023,1.74,2.18,9.78,5.37,1.34
2023-04-08,La Liga,Elche,Osasuna,Away,L,1.0,2.0,0.7,1.2,39.0,08/04/2023,2.38,1.63,5.39,3.57,1.77
2023-04-16,La Liga,Elche,Girona,Away,L,0.0,2.0,0.7,1.3,51.0,16/04/2023,1.86,2.03,6.51,4.37,1.54
2023-04-23,La Liga,Elche,Valencia,Home,L,0.0,2.0,0.6,1.0,65.0,23/04/2023,2.26,1.69,4.53,3.58,1.89
2023-04-26,La Liga,Elche,Celta Vigo,Away,L,0.0,1.0,1.1,1.3,51.0,26/04/2023,1.79,2.11,10.76,5.33,1.33
2023-04-29,La Liga,Elche,Rayo Vallecano,Home,W,4.0,0.0,2.8,0.8,50.0,29/04/2023,2.23,1.7,4.84,3.6,1.83
2023-05-02,La Liga,Elche,Almería,Away,L,1.0,2.0,1.0,1.7,54.0,02/05/2023,1.57,2.55,5.42,4.37,1.63
2023-05-14,La Liga,Elche,Atlético Madrid,Home,,,,,,,,,,,,
2023-05-20,La Liga,Elche,Getafe,Away,,,,,,,,,,,,
2023-05-24,La Liga,Elche,Sevilla,Home,,,,,,,,,,,,
2023-05-28,La Liga,Elche,Athletic Club,Away,,,,,,,,,,,,
2023-06-04,La Liga,Elche,Cádiz,Home,,,,,,,,,,,,
